pcon,share_conservative_poll,share_labor_poll,N,share_joint_poll,sd_poll,share_conservative,share_labor,share_joint,year
aldershot,0.5692482840836055,0.4307517159163945,22,0.5294907185286204,0.10557304131424759,0.7343976777939042,0.26560232220609575,68.9,2015
aldridge-brownhills,0.6348166410592101,0.36518335894078985,28,0.7026183596153783,0.09099145825168585,0.6993288590604027,0.3006711409395973,74.5,2015
altrincham and sale west,0.6883773178730836,0.31162268212691624,21,0.6249621569745896,0.10106904431906301,0.6649937264742786,0.33500627352572143,79.7,2015
amber valley,0.67640321378383494,0.323596786216165,24,0.7500598030455186,0.09549910692574011,0.5583756345177665,0.4416243654822335,78.8,2015
arundel and south downs,0.8413858561004929,0.158614143899507,18,0.49674012942708357,0.08610578031136842,0.8444444444444444,0.15555555555555556,72,2015
ashfield,0.3292194726982578,0.6707805273017422,23,0.5733700748059789,0.09798713568949817,0.3533123028391167,0.6466876971608833,63.4,2015
ashford,0.6372551266976987,0.3627448733023013,39,0.5621565846004013,0.0769883491344047,0.7404795486600846,0.25952045133991536,70.9,2015
ashton-under-lyne,0.250881293049173,0.7491187069508269,14,0.6425973660105667,0.11586317973218854,0.30737134909596664,0.6926286509040332,71.9,2015
aylesbury,0.68901759840897,0.31098240159102997,19,0.4130315864685089,0.10619553650341265,0.7705167173252281,0.22948328267477205,65.8,2015
banbury,0.5303492357828452,0.4696507642171548,28,0.6399253937263742,0.09431689060354635,0.7133243606998655,0.2866756393001346,74.3,2015
barking,0.24710576031254564,0.7528942396874544,18,0.7093837805828638,0.10166516488860883,0.22027027027027027,0.7797297297297298,74,2015
barnsley central,0.17241153660009761,0.8275884633999023,24,0.7527295565809335,0.07710539287432355,0.21216407355021216,0.7878359264497878,70.7,2015
barnsley east,0.3169444797814463,0.6830555202185536,25,0.6299723432281428,0.09305711719530424,0.2106782106782107,0.7893217893217894,69.3,2015
barrow and furness,0.1606506081669593,0.8393493918330407,29,0.6097941787048637,0.0681888832740113,0.4891304347826087,0.5108695652173912,82.8,2015
basildon and billericay,0.5883997968112094,0.4116002031887907,23,0.6284411915776426,0.1026148298299619,0.6897905759162304,0.3102094240837696,76.4,2015
basingstoke,0.5917666256819097,0.4082333743180902,25,0.5223448549330408,0.09830135022693355,0.6369593709043251,0.36304062909567497,76.3,2015
bassetlaw,0.35993072466114145,0.6400692753388587,23,0.5894953082558205,0.10008270451851897,0.3871374527112232,0.6128625472887769,79.3,2015
bath,0.7252668919076849,0.274733108092315,26,0.5030840149063553,0.0875422595555232,0.7411764705882352,0.2588235294117647,51,2015
batley and spen,0.35631206450682196,0.643687935493178,36,0.7730125959059838,0.07981815742912628,0.4193548387096774,0.5806451612903226,74.4,2015
battersea,0.5767311173823952,0.42326888261760476,42,0.7233642731365277,0.07623777585467612,0.5874439461883408,0.4125560538116592,89.19999999999999,2015
beaconsfield,0.7777749780725131,0.22222502192748705,23,0.6967527319714937,0.08668811200700922,0.8471849865951742,0.15281501340482573,74.60000000000001,2015
beckenham,0.5912450434758119,0.40875495652418814,37,0.7424941840801415,0.08081917454468159,0.7470664928292048,0.2529335071707953,76.69999999999999,2015
bedford,0.5751397049417557,0.42486029505824424,21,0.5833760336266278,0.10786985649411183,0.5144927536231884,0.4855072463768116,82.80000000000001,2015
bermondsey and old southwark,0.452825835131995,0.5471741648680051,35,0.6715108457409193,0.08413842305035305,0.21493624772313297,0.785063752276867,54.900000000000006,2015
berwick-upon-tweed,0.7573264570359972,0.24267354296400293,20,0.6362185299164818,0.0958600788934844,0.732620320855615,0.26737967914438504,56.1,2015
bethnal green and bow,0.2777571604124994,0.7222428395875006,36,0.6148624528069379,0.07464882976162536,0.2,0.8,76.5,2015
beverley and holderness,0.2280944228885009,0.7719055771114991,34,0.7300154282349527,0.07196145968822941,0.6584699453551913,0.34153005464480873,73.2,2015
bexhill and battle,0.7303977061067074,0.2696022938932926,23,0.49677124297200026,0.09252893719423254,0.7953555878084181,0.20464441219158203,68.89999999999999,2015
bexleyheath and crayford,0.5543594964246884,0.44564050357531165,26,0.6199300621968313,0.09747683060968786,0.6435374149659864,0.35646258503401357,73.5,2015
birkenhead,0.12532562795213892,0.874674372047861,24,0.8223957215416303,0.06758300912289918,0.1806060606060606,0.8193939393939393,82.5,2015
birmingham - edgbaston,0.49369753290519863,0.5063024670948014,23,0.6100599396691407,0.10424892427940859,0.4603365384615385,0.5396634615384616,83.19999999999999,2015
birmingham - erdington,0.4758467014928361,0.5241532985071639,26,0.6945705803964914,0.09794359015647415,0.4031413612565445,0.5968586387434555,76.4,2015
birmingham - hall green,0.41558519443173514,0.5844148055682649,19,0.729012358089503,0.11306126438930822,0.22838709677419353,0.7716129032258064,77.5,2015
birmingham - hodge hill,0.08037528695665111,0.9196247130433488,8,0.45489095967889087,0.09612173284648425,0.1439299123904881,0.8560700876095119,79.9,2015
birmingham - ladywood,0.6510151785070657,0.3489848214929342,14,0.6206472160482175,0.12738984481293159,0.14716106604866744,0.8528389339513325,86.3,2015
birmingham - northfield,0.33567607735299454,0.6643239226470056,25,0.5324042221776558,0.09444525365435807,0.46183699870633893,0.538163001293661,77.30000000000001,2015
birmingham - perry barr,0.36002894969585786,0.6399710503041421,12,0.6251636973928981,0.13856650180712127,0.2724968314321926,0.7275031685678073,78.9,2015
birmingham - selly oak,0.36482023404501246,0.6351797659549876,24,0.6897734777490518,0.09826122303931216,0.37809647979139505,0.621903520208605,76.7,2015
birmingham - yardley,0.5164424323281032,0.4835575676718969,19,0.5948401044199143,0.11464582679281067,0.2517985611510791,0.7482014388489209,55.6,2015
bishop auckland,0.3464215630196475,0.6535784369803525,28,0.6581100935537431,0.08992331329977622,0.43978349120433013,0.5602165087956698,73.9,2015
blackburn,0.6290143837368573,0.3709856162631428,20,0.6147555590928391,0.10801742655446828,0.326555023923445,0.6734449760765551,83.6,2015
blackley and broughton,0.28977184371163867,0.7102281562883613,21,0.5853108207135242,0.09899594082673922,0.19505851755526657,0.8049414824447333,76.9,2015
blackpool north and cleveleys,0.30038284177506375,0.6996171582249362,23,0.5584813683147849,0.09558810871610428,0.5522388059701492,0.4477611940298507,80.4,2015
blackpool south,0.41818972153237327,0.5818102784676267,20,0.5999126257632913,0.11029666321721826,0.4470899470899471,0.5529100529100529,75.6,2015
blaydon,0.35082292274659166,0.6491770772534083,25,0.6032444708683997,0.0954455236503275,0.26126126126126126,0.7387387387387389,66.6,2015
blyth valley,0.43958586767976515,0.5604141323202348,22,0.45605042537979423,0.10581934275323657,0.3191176470588235,0.6808823529411764,68,2015
bognor regis and littlehampton,0.5909040207857904,0.4090959792142096,23,0.7513553018966084,0.1025196606817606,0.7880184331797235,0.21198156682027652,65.1,2015
bolsover,0.33964730358052925,0.6603526964194708,26,0.6793462591873599,0.09287854201776828,0.3236459709379128,0.6763540290620872,75.7,2015
bolton north east,0.4478976831385731,0.552102316861427,22,0.7859756215087035,0.10602001281440634,0.43271767810026385,0.5672823218997362,75.8,2015
bolton south east,0.22035236014959325,0.7796476398504067,18,0.6369616035449619,0.0976948757686392,0.2867231638418079,0.7132768361581922,70.8,2015
bolton west,0.2816088861323434,0.7183911138676565,27,0.7534704895835129,0.08656090157152774,0.5100502512562815,0.4899497487437186,79.6,2015
bootle,0.21312693050763112,0.7868730694923689,19,0.6102466985956367,0.09394955029164001,0.09806295399515738,0.9019370460048427,82.6,2015
boston and skegness,0.6043409668921642,0.39565903310783573,31,0.5956587577988046,0.08782551665146662,0.7263681592039801,0.27363184079601993,60.3,2015
bosworth,0.904651989808666,0.095348010191334015,21,0.5985556254892936,0.06408950851808641,0.7097844112769486,0.2902155887230514,60.3,2015
bournemouth east,0.6525683839637062,0.3474316160362937,21,0.6880347013194501,0.10390538008315045,0.7477203647416413,0.2522796352583586,65.80000000000001,2015
bournemouth west,0.6983389800646749,0.3016610199353251,23,0.6372528179878433,0.09570372056438252,0.7318181818181818,0.2681818181818182,66,2015
bracknell,0.6654130873538765,0.3345869126461235,28,0.4810672913247606,0.08917048489351707,0.7675378266850069,0.23246217331499314,72.69999999999999,2015
bradford east,0.2063789526016725,0.7936210473983276,21,0.621163361548738,0.08831401779599805,0.19516407599309152,0.8048359240069084,57.900000000000006,2015
bradford south,0.34095984038749655,0.6590401596125034,26,0.6335230198484574,0.09296530114271119,0.37733142037302725,0.6226685796269726,69.7,2015
bradford west,0.5378875054277086,0.4621124945722915,15,0.7193339108529955,0.1287282763375282,0.2357473035439137,0.7642526964560863,64.9,2015
braintree,0.5067661488224244,0.4932338511775757,27,0.44866951985235426,0.09621623394827591,0.7441217150760719,0.2558782849239281,72.3,2015
brent central,0.24150616225247326,0.7584938377475268,22,0.8066814957162358,0.09124914341977915,0.24635922330097088,0.7536407766990291,82.4,2015
brent north,0.4780454839360684,0.5219545160639316,31,0.6718915412108734,0.08971603935147875,0.3815489749430524,0.6184510250569476,87.8,2015
brentford and isleworth,0.44679724247262687,0.553202757527373,47,0.607901783868201,0.07251844469578339,0.4948096885813149,0.5051903114186852,86.69999999999999,2015
brentwood and ongar,0.8886817348701398,0.11131826512986016,14,0.4083930450476149,0.08406056871529274,0.8246844319775596,0.1753155680224404,71.3,2015
bridgwater and west somerset,0.36761760551118605,0.6323823944888138,27,0.5083144634357967,0.09279106391150997,0.7232704402515723,0.27672955974842767,63.6,2015
brigg and goole,0.6340495380230842,0.36595046197691583,35,0.8718343881414754,0.0814214294985922,0.6608478802992519,0.3391521197007481,80.2,2015
brighton - kemptown,0.4305482920921826,0.5694517079078173,25,0.6065806461817547,0.09903059330705581,0.509386733416771,0.490613266583229,79.9,2015
brighton - pavilion,0.3574298787298188,0.6425701212701812,25,0.4341014052073814,0.09584858069288367,0.4550898203592814,0.5449101796407185,50.1,2015
bristol east,0.3855087160377071,0.6144912839622928,29,0.658482609789999,0.09038075510300005,0.43857142857142856,0.5614285714285714,70,2015
bristol north west,0.6231846452818838,0.3768153547181163,20,0.5303312866531745,0.10835717400494914,0.5612244897959183,0.43877551020408156,78.4,2015
bristol south,0.3847944601594441,0.615205539840556,16,0.5102957512593078,0.12163667302412492,0.38755980861244016,0.6124401913875598,62.7,2015
bristol west,0.5010790474844098,0.4989209525155901,24,0.5274612429563605,0.10206183494507272,0.2986247544204322,0.7013752455795678,50.900000000000006,2015
broadland,0.66237581253725,0.3376241874627501,26,0.6886015199213263,0.0927432550943459,0.7287157287157288,0.2712842712842713,69.3,2015
bromley and chislehurst,0.5964406880953067,0.4035593119046934,28,0.6677813862781907,0.09271677180680492,0.7047872340425532,0.2952127659574468,75.2,2015
bromsgrove,0.28218161682574616,0.7178183831742538,20,0.7195541894844367,0.10063676066710263,0.7082785808147175,0.29172141918528255,76.1,2015
broxbourne,0.6849869167879591,0.315013083212041,26,0.6196177806363465,0.09110008034643183,0.7530201342281879,0.24697986577181205,74.5,2015
broxtowe,0.5818699118015711,0.41813008819842895,41,0.6819684707416482,0.07703298589337462,0.5485436893203883,0.45145631067961167,82.4,2015
buckingham,0.8247810653357912,0.1752189346642087,14,0.5082899706018618,0.10160049901429356,NA,NA,NA,2015
burnley,0.3114781374455495,0.6885218625544505,11,0.5209275693734065,0.13962921918065743,0.26418786692759294,0.735812133072407,51.1,2015
burton,0.3373365579955636,0.6626634420044365,26,0.6511361750296503,0.09272386727749753,0.6442432082794308,0.35575679172056923,77.3,2015
bury north,0.6814658373399962,0.31853416266000373,32,0.6817075694301169,0.08236165481401488,0.5048192771084338,0.4951807228915663,83,2015
bury south,0.4322649052993023,0.5677350947006977,29,0.6953031868305332,0.09199174568403473,0.4341279799247177,0.5658720200752823,79.7,2015
bury st edmunds,0.6206460752518058,0.37935392474819424,26,0.6342496499642645,0.09516069900766962,0.7517531556802245,0.2482468443197756,71.3,2015
calder valley,0.5370783281669604,0.4629216718330396,35,0.588621912490652,0.08428272108637744,0.5518987341772152,0.4481012658227848,79,2015
camberwell and peckham,0.3286706357566919,0.671329364243308,43,0.7996424391835278,0.07163314955430476,0.17254901960784313,0.8274509803921568,76.5,2015
camborne and redruth,0.5822919006731062,0.41770809932689373,31,0.5885332686371977,0.08857802157376754,0.6165644171779141,0.3834355828220859,65.2,2015
cambridge,0.4971689669916461,0.502831033008354,37,0.4412595354226988,0.08219817602568076,0.30367504835589937,0.6963249516441006,51.7,2015
cannock chase,0.46186731044078755,0.5381326895592126,19,0.5744711994342864,0.11437378655944881,0.5673940949935815,0.4326059050064185,77.9,2015
canterbury,0.6818938759928476,0.3181061240071524,28,0.6466755366963066,0.08801676339447637,0.6364985163204747,0.3635014836795252,67.4,2015
carlisle,0.4930598933560968,0.5069401066439033,20,0.5894514790933827,0.11179262831684637,0.5395858708891595,0.46041412911084045,82.1,2015
carshalton and wallington,0.39376197070371777,0.6062380292962822,31,0.49756043915345166,0.08775212177036726,0.6788008565310492,0.32119914346895073,46.7,2015
castle point,0.6389433251254165,0.3610566748745835,21,0.5467642487322069,0.10481156615635163,0.7867078825347759,0.2132921174652241,64.7,2015
central devon,0.642753596641335,0.35724640335866514,24,0.5092956660175387,0.0978138986898852,0.8030769230769231,0.19692307692307692,65,2015
central suffolk and north ipswich,0.6897235603742266,0.3102764396257734,27,0.6479678031953527,0.08902870336955364,0.7489986648865153,0.25100133511348466,74.9,2015
charnwood,0.8128389712962909,0.18716102870370901,24,0.7507217892977457,0.07961673244317598,0.7125984251968505,0.28740157480314965,76.19999999999999,2015
chatham and aylesford,0.5497517741758914,0.45024822582410867,22,0.6045805726673592,0.10607132269596012,0.6802168021680216,0.3197831978319783,73.80000000000001,2015
cheadle,0.7725986696601759,0.22740133033982424,17,0.5638024395416776,0.10165974543125314,0.7255892255892256,0.2744107744107744,59.400000000000006,2015
chelmsford,0.4886664223880205,0.5113335776119794,24,0.5882956198488165,0.10203584950449876,0.7452966714905934,0.2547033285094067,69.1,2015
chelsea and fulham,0.3945835909259783,0.6054164090740217,29,0.9257965316150172,0.09076065164010123,0.7317073170731708,0.2682926829268293,86.1,2015
cheltenham,0.44871450735366464,0.5512854926463354,23,0.47531408587745116,0.10370732191752582,0.8632958801498127,0.13670411985018727,53.4,2015
chesham and amersham,0.8754622833184305,0.12453771668156947,17,0.7121384075506918,0.08008380676637909,0.8231197771587744,0.17688022284122562,71.8,2015
chesterfield,0.21681781619147955,0.7831821838085204,27,0.6235877695717962,0.0793043482936179,0.2742424242424243,0.7257575757575757,66,2015
chichester,0.8446947406017964,0.15530525939820372,21,0.5859699625293874,0.07903752448210923,0.8266475644699142,0.17335243553008597,69.8,2015
chingford and woodford green,0.8136045124708028,0.18639548752919727,27,0.6722538430049121,0.07494496987492695,0.6245110821382007,0.3754889178617992,76.7,2015
chippenham,0.8200158789883615,0.1799841210116384,14,0.5737407869820118,0.10267488119416633,0.8530465949820789,0.14695340501792115,55.8,2015
chipping barnet,0.4491636214825279,0.550836378517472,63,0.7157131161719414,0.06266763710231742,0.5869565217391304,0.41304347826086957,82.80000000000001,2015
chorley,0.3684333195788061,0.631566680421194,32,0.6142280363205526,0.08527349540649842,0.4459459459459459,0.5540540540540541,81.4,2015
christchurch,0.7739802324331271,0.226019767566873,16,0.46582318154903357,0.10456302890956776,0.8581979320531757,0.1418020679468242,67.7,2015
cities of london and westminster,0.8378874526898155,0.16211254731018454,25,0.5712859702939395,0.07371080499215504,0.6638036809815951,0.3361963190184049,81.5,2015
city of chester,0.5221214635723364,0.4778785364276635,20,0.6292495662514432,0.11169392124225422,0.4994206257242178,0.5005793742757821,86.30000000000001,2015
city of durham,0.5456342620247437,0.4543657379752563,37,0.5709923776823154,0.0818564191426072,0.3194244604316547,0.6805755395683453,69.5,2015
clacton,0.35858490345721616,0.6414150965427838,23,0.6012293774753131,0.10000038488399739,0.7181996086105675,0.28180039138943247,51.1,2015
cleethorpes,0.5323423498608365,0.4676576501391635,36,0.7842174627858598,0.08315881265611254,0.6155878467635403,0.3844121532364597,75.7,2015
colchester,0.5618186751452858,0.4381813248547143,34,0.6157756831137695,0.08509137846063967,0.705989110707804,0.29401088929219604,55.099999999999994,2015
colne valley,0.24289238322051232,0.7571076167794877,25,0.6912864847158868,0.085766117644200765,0.559748427672956,0.44025157232704404,79.5,2015
congleton,0.7800023614790291,0.21999763852097093,27,0.6382686427194699,0.07972143109932678,0.723202170963365,0.276797829036635,73.69999999999999,2015
copeland,0.41593290884871287,0.5840670911512871,19,0.7007440433645113,0.11307489930068969,0.45838668373879643,0.5416133162612036,78.1,2015
corby,0.398258633602156,0.601741366397844,37,0.7104450470428194,0.08047975981297437,0.5264452644526445,0.4735547355473555,81.3,2015
coventry north east,0.4820409955679329,0.5179590044320671,16,0.45372661822950516,0.12491934251743426,0.3067729083665338,0.6932270916334661,75.30000000000001,2015
coventry north west,0.51381976852029,0.48618023147971,33,0.679527581296086,0.08700557523028565,0.4313453536754508,0.5686546463245493,72.1,2015
coventry south,0.4646346856001036,0.5353653143998964,29,0.5989411785481786,0.09261512770924564,0.4527813712807245,0.5472186287192755,77.3,2015
crawley,0.5925439577377696,0.40745604226223037,28,0.6943905468396478,0.09285849755065691,0.5831265508684864,0.4168734491315137,80.6,2015
crewe and nantwich,0.3292196685323974,0.6707803314676026,19,0.6746393722651364,0.10780930493573895,0.5441354292623942,0.45586457073760583,82.7,2015
croydon central,0.626174672165934,0.3738253278340659,43,0.5539657344247133,0.07378156826991336,0.5017502917152858,0.49824970828471415,85.7,2015
croydon north,0.22666210412487667,0.7733378958751232,32,0.679632133154837,0.07401148447170215,0.2661195779601407,0.7338804220398594,85.3,2015
croydon south,0.557716055567803,0.4422839444321971,36,0.4536551568752967,0.08277628097765391,0.6915297092288244,0.3084702907711757,79.1,2015
dagenham and rainham,0.45362044620478637,0.5463795537952136,21,0.5836737556659045,0.10863853060882941,0.3708206686930091,0.6291793313069909,65.8,2015
darlington,0.3399396619902722,0.6600603380097279,25,0.585693176075405,0.0947376774459268,0.45070422535211274,0.5492957746478874,78.1,2015
dartford,0.5220519779055383,0.4779480220944617,29,0.5249251307950857,0.09275732339717845,0.6586021505376344,0.34139784946236557,74.4,2015
daventry,0.7651757372916961,0.23482426270830392,17,0.5577786479622767,0.10280816754914018,0.7627785058977719,0.23722149410222804,76.30000000000001,2015
denton and reddish,0.12790679563080365,0.8720932043691965,25,0.7872863232141865,0.06679719972042644,0.3181208053691275,0.6818791946308724,74.5,2015
derby north,0.5674326971686714,0.4325673028313285,19,0.624898211789007,0.11365988769652766,0.500682128240109,0.4993178717598908,73.30000000000001,2015
derby south,0.488175876354359,0.5118241236456411,26,0.5988997349393026,0.09803064475733568,0.35863874345549734,0.6413612565445026,76.4,2015
derbyshire dales,0.9227874656547435,0.07721253434525653,12,0.5417352756452958,0.07705558539415942,0.6977363515312917,0.3022636484687084,75.1,2015
devizes,0.8294478248096889,0.170552175190311,14,0.6565637483433404,0.10052154379185323,0.8161244695898161,0.18387553041018387,70.7,2015
dewsbury,0.7835254282711885,0.2164745717288115,31,0.7094063298046259,0.0739688974575472,0.4833127317676143,0.5166872682323856,80.9,2015
don valley,0.1978274379891572,0.8021725620108429,15,0.5638986112564162,0.10285645102692177,0.35384615384615387,0.6461538461538462,71.5,2015
doncaster central,0.3089459623137435,0.6910540376862565,31,0.6499209118497299,0.082988214220314,0.29756795422031473,0.7024320457796852,69.9,2015
doncaster north,0.009185506832722843,0.9908144931672771,26,0.676261248235774,0.018709451845101886,0.25884016973125884,0.7411598302687411,70.7,2015
dover,0.3823625856754701,0.61763741432453,33,0.6818296042240888,0.08459555091658169,0.5843454790823212,0.41565452091767885,74.1,2015
dudley north,0.6133435907462996,0.3866564092537004,13,0.5158314830952359,0.1350650072648026,0.4242424242424243,0.5757575757575758,72.6,2015
dudley south,0.701484044256904,0.29851595574309586,21,0.7934610348504445,0.09985803730675004,0.5732984293193717,0.42670157068062825,76.4,2015
dulwich and west norwood,0.4468004377946655,0.5531995622053344,26,0.8520859161600938,0.09750144112961787,0.2955729166666667,0.7044270833333334,76.8,2015
ealing central and acton,0.5419373667905286,0.4580626332094714,39,0.5827713946203938,0.07978195562115095,0.4970896391152503,0.5029103608847497,85.9,2015
ealing north,0.3896796091629623,0.6103203908370377,29,0.8668961738121861,0.09055945110820528,0.35023584905660377,0.6497641509433962,84.8,2015
ealing - southall,0.7316352180160363,0.26836478198396363,12,0.7338674157331069,0.12791440034083448,0.2502883506343714,0.7497116493656286,86.7,2015
easington,0.2888155183937543,0.7111844816062457,33,0.7478931095736827,0.07889408218554823,0.17456021650879566,0.8254397834912043,73.9,2015
east devon,0.7381382391914993,0.26186176080850065,23,0.5188418834022643,0.09167290127185238,0.8197879858657244,0.18021201413427562,56.599999999999994,2015
east ham,0.07949556974883305,0.9205044302511669,25,0.832219568245821,0.05410213457494684,0.13489409141583056,0.8651059085841695,89.69999999999999,2015
east hampshire,0.7271415115497742,0.2728584884502258,20,0.5539897521022995,0.09960088697669407,0.8573446327683617,0.1426553672316384,70.8,2015
east surrey,0.39293989785841427,0.6070601021415858,18,0.3826950925496465,0.11511784650942926,0.8294797687861271,0.17052023121387283,69.2,2015
east worthing and shoreham,0.6663249588940505,0.3336750411059495,24,0.6522138977650072,0.09624967706631808,0.717391304347826,0.2826086956521739,69,2015
east yorkshire,0.6345588118849351,0.3654411881150649,29,0.5234692130567657,0.08942226949049961,0.7096774193548387,0.2903225806451613,71.3,2015
eastbourne,0.6634638912421877,0.3365361087578122,27,0.44425483283393974,0.09093741361405334,0.8354430379746836,0.16455696202531644,47.4,2015
eastleigh,0.5694521890646368,0.43054781093536315,25,0.43489415159473843,0.09903057980929526,0.7663043478260869,0.23369565217391305,55.199999999999996,2015
eddisbury,0.36936968720502705,0.630630312794973,18,0.5047122680125119,0.11375795976523712,0.6836461126005362,0.31635388739946385,74.6,2015
edmonton,0.3939793581940009,0.6060206418059991,13,0.7648039561088243,0.13552167681026134,0.2818713450292398,0.7181286549707602,85.5,2015
ellesmere port and neston,0.26143898090198703,0.738561019098013,29,0.7675395392055445,0.0815979716124918,0.4177831912302071,0.582216808769793,82.1,2015
elmet and rothwell,0.4290066385423402,0.5709933614576598,34,0.6972863442747645,0.08488052895080758,0.5895249695493301,0.41047503045066996,82.1,2015
eltham,0.4932320720708993,0.5067679279291007,38,0.7249942034571426,0.08110327969738508,0.46075949367088603,0.5392405063291139,79,2015
enfield north,0.574195657200545,0.42580434279945495,34,0.6032550495551894,0.08479993834150422,0.4864864864864865,0.5135135135135136,85.1,2015
enfield - southgate,0.4260075746677912,0.5739924253322087,34,0.7378034616766518,0.08480516094753306,0.5588235294117646,0.4411764705882353,88.4,2015
epping forest,0.816771528777603,0.18322847122239705,10,0.5527210190522085,0.1223338867836301,0.772919605077574,0.22708039492242596,70.9,2015
epsom and ewell,0.740549553779215,0.25945044622078495,24,0.6473215150022897,0.08947437067316645,0.7899728997289973,0.21002710027100271,73.8,2015
erewash,0.5932927446381803,0.4067072553618198,34,0.6875487252553039,0.08424342596063249,0.5474358974358975,0.4525641025641025,78,2015
erith and thamesmead,0.24261703166215828,0.7573829683378418,31,0.6776681872937806,0.07699057495932728,0.35492227979274615,0.645077720207254,77.19999999999999,2015
esher and walton,0.8365605209606823,0.1634394790393176,28,0.7041278570259207,0.069879236577591,0.8320105820105821,0.167989417989418,75.6,2015
exeter,0.33420813923652004,0.6657918607634801,41,0.6104755939166449,0.07366917793867771,0.41635220125786165,0.5836477987421383,79.5,2015
fareham,0.7340447348406257,0.2659552651593744,33,0.6128963216200353,0.0769145653726659,0.796875,0.203125,70.4,2015
faversham and mid kent,0.8595861962544914,0.14041380374550866,15,0.43804131094566817,0.0897023847558233,0.7705382436260624,0.22946175637393768,70.6,2015
feltham and heston,0.5169778907924657,0.4830221092075342,30,0.5075058545046467,0.09123445095361714,0.3574938574938575,0.6425061425061425,81.4,2015
filton and bradley stoke,0.45453621989923837,0.5454637801007616,26,0.648492232843189,0.09765186293448264,0.6371077762619372,0.36289222373806274,73.30000000000001,2015
finchley and golders green,0.6050624174082642,0.3949375825917359,29,0.6031799067503922,0.0907748044278146,0.5618101545253863,0.43818984547461376,90.6,2015
folkestone and hythe,0.6497820841167483,0.35021791588325174,35,0.4619957564772138,0.08063415215432573,0.7688603531300161,0.23113964686998398,62.3,2015
forest of dean,0.20415159392826618,0.7958484060717338,22,0.6418514900166443,0.08593700669274995,0.6554621848739495,0.3445378151260504,71.4,2015
fylde,0.4387714456684064,0.5612285543315936,22,0.5931298841921445,0.1057980632522644,0.7231222385861561,0.27687776141384385,67.9,2015
gainsborough,0.8035668336296886,0.19643316637031136,22,0.4747656701717583,0.08470461442835679,0.7121621621621622,0.28783783783783784,74,2015
garston and halewood,0.28880706384153454,0.7111929361584655,14,0.6880967881341934,0.1211249483906027,0.16545893719806762,0.8345410628019323,82.8,2015
gateshead,0.36329283771647297,0.636707162283527,28,0.6600260041549608,0.09089066268646737,0.20336605890603085,0.7966339410939691,71.3,2015
gedling,0.5018829971044023,0.4981170028955977,24,0.5531170822844829,0.10206134885488907,0.4604591836734694,0.5395408163265305,78.4,2015
gillingham and rainham,0.5339663546555912,0.4660336453444089,26,0.5210231218642424,0.09783154414042747,0.6521739130434783,0.3478260869565218,73.6,2015
gloucester,0.5645145823553154,0.43548541764468457,30,0.5705601434723806,0.09052400577812113,0.589076723016905,0.41092327698309494,76.9,2015
gosport,0.9354690707586123,0.06453092924138762,21,0.5604056683211507,0.053615335587173865,0.7922636103151862,0.20773638968481375,69.8,2015
grantham and stamford,0.615902555174686,0.38409744482531405,25,0.6232147751690967,0.09727622478364975,0.757532281205165,0.24246771879483503,69.69999999999999,2015
gravesham,0.5750123279036455,0.42498767209635435,30,0.7315607879230406,0.0902539289380202,0.6090909090909091,0.39090909090909093,77,2015
great grimsby,0.17857125943934848,0.8214287405606515,10,0.37081930196073715,0.12111299052603457,0.39788199697428145,0.6021180030257186,66.1,2015
great yarmouth,0.4874768411209217,0.5125231588790783,27,0.552296807769907,0.09619485827710053,0.5958333333333333,0.4041666666666667,72,2015
greenwich and woolwich,0.3468354169620534,0.6531645830379466,35,0.6301167182664349,0.08045240127869965,0.3375634517766497,0.6624365482233502,78.80000000000001,2015
guildford,0.703096796885207,0.296903203114793,34,0.6608395008599843,0.07835659270565729,0.8251445086705202,0.17485549132947975,69.2,2015
hackney north and stoke newington,0.17883263759873208,0.8211673624012679,36,0.7485665631613008,0.0638686858867066,0.18943298969072164,0.8105670103092784,77.6,2015
hackney south and shoreditch,0.25728383422310774,0.7427161657768924,24,0.6130563443113599,0.08923024124667697,0.17329910141206675,0.8267008985879333,77.9,2015
halesowen and rowley regis,0.39708067869648017,0.6029193213035199,32,0.6646779755008725,0.08649559477627004,0.5440806045340051,0.45591939546599497,79.4,2015
halifax,0.40413880560955967,0.5958611943904403,26,0.6585702544221121,0.09623901164249635,0.4936708860759494,0.5063291139240507,79,2015
haltemprice and howden,0.539738790868621,0.4602612091313791,28,0.782690829449999,0.09419221011548294,0.7207446808510638,0.27925531914893614,75.2,2015
halton,0.2991700990121769,0.700829900987823,32,0.8015586243069426,0.08094507220741212,0.2208436724565757,0.7791563275434243,80.6,2015
hammersmith,0.6682207975105031,0.33177920248949694,31,0.6903144330879515,0.08456754568618419,0.4212962962962963,0.5787037037037037,86.4,2015
hampstead and kilburn,0.42352155329833063,0.5764784467016694,40,0.6942372915765272,0.07812666753261972,0.4878892733564014,0.5121107266435987,86.69999999999999,2015
harborough,0.811027668704066,0.18897233129593402,26,0.7079167363938876,0.07677684679554062,0.775,0.225,68,2015
harlow,0.6282386136496287,0.3717613863503713,23,0.673070215984418,0.10076983200412738,0.6197718631178707,0.38022813688212925,78.9,2015
harrogate and knaresborough,0.5637228345403913,0.4362771654596087,24,0.48663656297777735,0.10122981287606143,0.839171974522293,0.160828025477707,62.800000000000004,2015
harrow east,0.480475966479096,0.519524033520904,28,0.6412324542069281,0.09441905303241703,0.5533553355335533,0.44664466446644663,90.9,2015
harrow west,0.5006762056523458,0.4993237943476541,27,0.7125316215153732,0.09622495686630785,0.4730941704035875,0.5269058295964125,89.2,2015
hartlepool,0.32220274865856924,0.6777972513414308,10,0.35440498729134035,0.1477796120631774,0.3699115044247787,0.6300884955752213,56.5,2015
harwich and north essex,0.5637556556567583,0.43624434434324166,26,0.6101750940785645,0.09725763097839614,0.7213578500707213,0.2786421499292786,70.7,2015
hastings and rye,0.39273435285036745,0.6072656471496325,43,0.5641417932881525,0.07447398186873964,0.5595984943538268,0.44040150564617314,79.7,2015
havant,0.5768688459311144,0.42313115406888563,24,0.7521249981310085,0.10084872758353196,0.7636632200886263,0.2363367799113737,67.7,2015
hayes and harlington,0.39195979138844117,0.6080402086115589,16,0.6964781701367497,0.12204694622438604,0.2930011862396204,0.7069988137603797,84.3,2015
hazel grove,0.6570587989396378,0.34294120106036224,21,0.4783489137721674,0.10358629567283927,0.7016949152542372,0.2983050847457627,59,2015
hemel hempstead,0.45812884717785446,0.5418711528221456,26,0.6166390462097194,0.09771363312513383,0.6897001303780964,0.31029986962190353,76.7,2015
hemsworth,0.32848842136566103,0.671511578634339,23,0.8979714414995497,0.09793160399291036,0.30862533692722377,0.6913746630727764,74.19999999999999,2015
hendon,0.5505884238670562,0.4494115761329439,27,0.6035063752813321,0.09573126184903838,0.5414364640883977,0.4585635359116022,90.5,2015
henley,0.6453765150749753,0.35462348492502477,21,0.5403306437478639,0.10439523544698395,0.823943661971831,0.176056338028169,71,2015
hereford and south herefordshire,0.5639578998570302,0.4360421001429699,16,0.572985825326612,0.12397312890448228,0.8042813455657492,0.19571865443425077,65.4,2015
hertford and stortford,0.7614491869681826,0.23855081303181735,31,0.7200843583197416,0.07654733358194579,0.7581081081081081,0.24189189189189186,74,2015
hertsmere,0.7090955237059964,0.2909044762940036,33,0.8007052132068861,0.07906251112657535,0.725826193390453,0.27417380660954715,81.69999999999999,2015
hexham,0.5251997935540875,0.47480020644591253,29,0.7569951243057423,0.09272967207385789,0.6791237113402063,0.32087628865979384,77.6,2015
heywood and middleton,0.33622982620678277,0.6637701737932172,17,0.5467399090028806,0.11457833954413267,0.3070739549839228,0.6929260450160771,62.2,2015
high peak,0.38158825014439535,0.6184117498556047,29,0.7797105782844338,0.09020640268890881,0.5603985056039851,0.4396014943960149,80.3,2015
hitchin and harpenden,0.6685628770466867,0.3314371229533134,19,0.4815316377566584,0.10799282541513765,0.7332474226804124,0.2667525773195876,77.6,2015
holborn and st pancras,0.30042209778978124,0.6995779022102188,34,0.6566538512300225,0.07862207835203282,0.2927807486631016,0.7072192513368984,74.8,2015
hornchurch and upminster,0.4238170956217387,0.5761829043782614,32,0.6763405454795296,0.087356340117735,0.7091172214182345,0.2908827785817656,69.1,2015
hornsey and wood green,0.43388694936740113,0.566113050632599,40,0.45190158322584817,0.07836278844835273,0.15448504983388706,0.8455149501661129,60.2,2015
horsham,0.6955695800164423,0.30443041998355763,19,0.46643619581639656,0.10556926869725528,0.834061135371179,0.16593886462882096,68.7,2015
houghton and sunderland south,0.10446234545193059,0.8955376545480694,19,0.6553864573507995,0.07016895543675171,0.25135869565217395,0.7486413043478262,73.6,2015
hove,0.4121442010367868,0.5878557989632132,21,0.6433292384623666,0.10741139395722886,0.48540145985401467,0.5145985401459854,82.19999999999999,2015
huddersfield,0.5230633081676558,0.4769366918323443,22,0.4647456395858285,0.10648689288024729,0.3737796373779637,0.6262203626220362,71.7,2015
huntingdon,0.6134044324900244,0.38659556750997565,26,0.6910388364203484,0.0955026046144243,0.7433380084151473,0.25666199158485276,71.3,2015
hyndburn,0.34765110445499187,0.6523488955450082,23,0.765574339810754,0.09929968125221757,0.43049932523616735,0.5695006747638327,74.1,2015
ilford north,0.5423604966600686,0.45763950333993136,35,0.7127786890734109,0.08421156831333675,0.49307159353348734,0.5069284064665127,86.6,2015
ilford south,0.27582195419931954,0.7241780458006806,19,0.5310070902038574,0.10253220387067818,0.28809788654060065,0.7119021134593992,89.9,2015
ipswich,0.5523018941483955,0.44769810585160447,28,0.6047512134415803,0.09397273766297673,0.547008547008547,0.452991452991453,81.9,2015
isle of wight,0.6227232030610564,0.3772767969389435,40,0.5171177742714121,0.07663860245177274,0.7607476635514019,0.23925233644859814,53.5,2015
islington north,0.2606717411154796,0.7393282588845205,36,0.6426913383625426,0.07316685354936346,0.2222222222222222,0.7777777777777778,77.4,2015
islington south and finsbury,0.09684279927109689,0.9031572007289032,28,0.6684463642758355,0.05589028522165897,0.3036935704514364,0.6963064295485637,73.1,2015
jarrow,0.25835781987015233,0.7416421801298477,24,0.7059684707324877,0.08935161274008391,0.23489010989010986,0.7651098901098901,72.80000000000001,2015
keighley,0.4302454800739046,0.5697545199260954,28,0.7058697853133662,0.09356707047236985,0.5376213592233009,0.462378640776699,82.4,2015
kenilworth and southam,0.7122463877571862,0.2877536122428137,23,0.5283948834648838,0.09439774105717143,0.7924016282225237,0.20759837177747625,73.7,2015
kensington,0.4078211753548516,0.5921788246451484,19,0.5291839448775407,0.11274168525463278,0.6270983213429255,0.37290167865707435,83.4,2015
kettering,0.4804959127532567,0.5195040872467435,24,0.5651872920722321,0.10198439230683608,0.6727272727272727,0.32727272727272727,77,2015
kingston and surbiton,0.5374556729451867,0.46254432705481324,34,0.45580293009708484,0.08550835400608583,0.7299813780260708,0.27001862197392923,53.7,2015
kingston upon hull east,0.47873903897230247,0.5212609610276975,19,0.6329793228713653,0.11460411757464055,0.23520710059171596,0.764792899408284,67.60000000000001,2015
kingston upon hull north,0.3325543184926641,0.667445681507336,31,0.6516554806055311,0.08461715370678038,0.22123893805309736,0.7787610619469026,67.8,2015
kingston upon hull west and hessle,0.31820394256918266,0.6817960574308175,15,0.548617632721786,0.12026365300250694,0.2623688155922039,0.7376311844077961,66.7,2015
kingswood,0.22043711624979623,0.7795628837502039,25,0.6825064033673933,0.08290828523839341,0.6200256739409499,0.37997432605905007,77.9,2015
knowsley,0.028241277182287174,0.9717587228177128,20,0.8273080906381132,0.03704302056082927,0.07792207792207793,0.9220779220779222,84.69999999999999,2015
lancaster and fleetwood,0.37190734602388054,0.6280926539761195,27,0.7041013052609744,0.09301379268437361,0.4809815950920246,0.5190184049079755,81.5,2015
leeds central,0.37348117194473707,0.6265188280552628,33,0.5363592887641105,0.08420627381570173,0.2392807745504841,0.760719225449516,72.3,2015
leeds east,0.278944234232161,0.721055765767839,24,0.679674624270783,0.09154560530613379,0.27978580990629187,0.7202141900937082,74.69999999999999,2015
leeds north east,0.6812256332821072,0.31877436671789283,35,0.6787759624602987,0.07876860684335375,0.40717821782178215,0.5928217821782178,80.8,2015
leeds north west,0.2916638956827352,0.7083361043172648,25,0.6916853881768799,0.09090568027090623,0.38193018480492813,0.6180698151950719,48.7,2015
leeds west,0.22352636201511542,0.7764736379848846,33,0.6538204007237713,0.07252216536810575,0.29515418502202645,0.7048458149779736,68.1,2015
leicester east,0.18421813404471735,0.8157818659552827,12,0.6635074423133689,0.11190837514599458,0.2734839476813318,0.7265160523186683,84.1,2015
leicester south,0.5506290357121109,0.4493709642878891,22,0.7305206070183741,0.1060524528761083,0.2599009900990099,0.7400990099009901,80.8,2015
leicester west,0.48258039391026,0.51741960608974,22,0.6053875617499903,0.1065356443389378,0.35506241331484056,0.6449375866851595,72.1,2015
leigh,0.20214922095141008,0.79785077904859,36,0.7511335753125152,0.06693382167404609,0.2954248366013072,0.7045751633986927,76.5,2015
lewes,0.5758442555615826,0.42415574443841747,19,0.4400582332000419,0.11338050721222098,0.7933194154488518,0.20668058455114824,47.9,2015
lewisham east,0.4597370619641341,0.5402629380358659,33,0.6675947228899166,0.08675617100061808,0.2858974358974359,0.7141025641025641,78,2015
lewisham west and penge,0.5321098078128582,0.4678901921871419,47,0.7115725450553727,0.07278194776211518,0.3235294117647059,0.6764705882352942,74.8,2015
lewisham - deptford,0.4485642198232412,0.5514357801767589,46,0.6605597505971923,0.07332986231341584,0.1981382978723404,0.8018617021276595,75.2,2015
leyton and wanstead,0.4275863068816434,0.5724136931183565,29,0.602585257194795,0.09186877017094969,0.2729528535980149,0.7270471464019852,80.6,2015
lichfield,0.6969556446088231,0.30304435539117697,35,0.7621916230680553,0.07768222338599794,0.736,0.264,75,2015
lincoln,0.5190720274946566,0.48092797250534336,45,0.7038018096412022,0.07448135602167581,0.5182481751824818,0.48175182481751827,82.2,2015
liverpool - riverside,0.20031887060982023,0.7996811293901799,25,0.7929695283888847,0.08004779089704508,0.12467532467532468,0.8753246753246754,77,2015
liverpool - walton,0.12862006694361103,0.87137993305638894,24,0.6992604675141467,0.0683364669981775,0.05465116279069768,0.9453488372093023,86,2015
liverpool - wavertree,0.06853685229088048,0.9314631477091195,20,0.494406958401042,0.05649758940385798,0.12610340479192939,0.8738965952080706,79.3,2015
liverpool - west derby,0.06922314080016034,0.9307768591998397,24,0.7396815239781469,0.05181348665241573,0.08068459657701711,0.9193154034229829,81.8,2015
loughborough,0.7282812479952304,0.2717187520047695,30,0.7222128592431183,0.08121733637053527,0.6081081081081081,0.39189189189189183,81.4,2015
louth and horncastle,0.6400317155425064,0.3599682844574936,36,0.6927083847372201,0.07999845808274866,0.7398843930635838,0.26011560693641617,69.2,2015
ludlow,0.6143223181248652,0.38567768187513496,12,0.5611635267541033,0.14051405848364934,0.8153153153153153,0.1846846846846847,66.6,2015
luton north,0.15533882797448867,0.8446611720255114,18,0.553623592666278,0.08537781278854363,0.36374695863746964,0.6362530413625305,82.19999999999999,2015
luton south,0.27613941279006526,0.7238605872099347,17,0.6236789491547073,0.10843443057877208,0.4098798397863818,0.5901201602136181,74.9,2015
macclesfield,0.4167847510038985,0.5832152489961014,23,0.6844761384896605,0.10280315135047023,0.6985391766268261,0.301460823373174,75.3,2015
maidenhead,0.736469496553935,0.26353050344606505,26,0.5091786061367983,0.08639849028228902,0.8468468468468467,0.15315315315315314,77.7,2015
maidstone and the weald,0.4629992112989231,0.5370007887010769,15,0.5910614512191201,0.12874547024665844,0.8125,0.1875,56,2015
makerfield,0.41924390385036164,0.5807560961496384,31,0.6492710876040886,0.0886236065789126,0.27349228611500703,0.726507713884993,71.3,2015
maldon,0.6297882905652957,0.3702117094347043,25,0.5521291411290651,0.09657225266755215,0.8370165745856353,0.16298342541436464,72.4,2015
manchester central,0.25204755617887736,0.7479524438211227,35,0.7174637444017347,0.07339123840333552,0.1804812834224599,0.81951871657754,74.8,2015
manchester - gorton,0.2719126003349845,0.7280873996650156,16,0.4327714314374971,0.11123627390437085,0.12630208333333334,0.8736979166666666,76.8,2015
manchester - withington,0.2816762713556247,0.7183237286443753,27,0.6368767605865572,0.08656719708707072,0.15433070866141732,0.8456692913385827,63.5,2015
mansfield,0.41967815829065147,0.5803218417093485,22,0.6162512885922491,0.10521588234422388,0.4171597633136095,0.5828402366863905,67.6,2015
meon valley,0.8037645903587725,0.19623540964122754,30,0.5691569886758462,0.0725090968187595,0.8486111111111111,0.1513888888888889,72,2015
meriden,0.7218419189484564,0.2781580810515436,25,0.7151575944283292,0.08961833807815597,0.7421981004070557,0.25780189959294436,73.7,2015
mid bedfordshire,0.7972557800834985,0.20274421991650146,22,0.5444633573692214,0.08571596891821658,0.7791666666666667,0.22083333333333333,72,2015
mid derbyshire,0.5462922284498988,0.4537077715501013,31,0.7202392497591954,0.08941693380525652,0.6726804123711341,0.327319587628866,77.6,2015
mid dorset and north poole,0.8741113644568995,0.12588863554310048,19,0.35345472476747614,0.0761026616120055,0.8943661971830986,0.10563380281690142,56.8,2015
mid norfolk,0.6599056163473447,0.3400943836526553,20,0.6923237219287776,0.10593162744444545,0.7390070921985816,0.26099290780141843,70.5,2015
mid sussex,0.8372011018758613,0.16279889812413872,23,0.6301296411143472,0.07697978754861988,0.8014285714285715,0.19857142857142857,70,2015
mid worcestershire,0.7024995818961216,0.2975004181038785,19,0.46219543723245193,0.10487935909814013,0.7972027972027972,0.20279720279720279,71.5,2015
middlesbrough,0.4167733386092067,0.5832266613907934,21,0.4374038641055292,0.10758680279169981,0.22510231923601637,0.7748976807639836,73.3,2015
middlesbrough south and east cleveland,0.4680233436195702,0.5319766563804297,31,0.722820634274238,0.089618815249191075,0.46902654867256643,0.5309734513274337,79.1,2015
milton keynes north,0.6607316825466731,0.3392683174533268,28,0.6313429223700531,0.08947572021538171,0.6090322580645162,0.3909677419354839,77.5,2015
milton keynes south,0.4600134764812432,0.5399865235187569,35,0.5434135436766361,0.08424472479235445,0.5936708860759493,0.40632911392405063,79,2015
mitcham and morden,0.3868773701596073,0.6131226298403926,26,0.6698582729644029,0.09551545799542958,0.27651966626936825,0.7234803337306317,83.9,2015
mole valley,0.6889741071878104,0.3110258928121897,16,0.6556977379572303,0.11572834214567157,0.8795355587808418,0.1204644412191582,68.9,2015
morecambe and lunesdale,0.5994894933537774,0.4005105066462227,27,0.5635861224858996,0.09430090544167027,0.5659203980099502,0.4340796019900497,80.4,2015
morley and outwood,0.5087140060644366,0.4912859939355632,32,0.5642744890612388,0.08837492328467479,0.505851755526658,0.494148244473342,76.9,2015
new forest east,0.616956823067225,0.3830431769327751,18,0.5153290895114855,0.11458163066323353,0.821897810218978,0.17810218978102188,68.5,2015
new forest west,0.7954765510966404,0.2045234489033595,19,0.5918195921493423,0.09253551459106601,0.8474576271186441,0.15254237288135594,70.8,2015
newark,0.5905659106759341,0.4094340893240659,30,0.7054404415860427,0.08977709726937391,0.724269377382465,0.27573062261753495,78.7,2015
newbury,0.8340032028694201,0.16599679713058,22,0.6214448947302778,0.07932724525458078,0.8789625360230546,0.12103746397694524,69.4,2015
newcastle upon tyne central,0.2578208111549602,0.74217918884503975,21,0.6481712764518545,0.09545610821094153,0.25575101488497964,0.7442489851150202,73.9,2015
newcastle upon tyne east,0.41143655667000734,0.5885634433299927,34,0.6075250100979447,0.0843934267905796,NA,NA,NA,2015
newcastle upon tyne north,0.2867843570046138,0.7132156429953862,20,0.7064436113915243,0.1011284058961833,0.33764367816091956,0.6623563218390806,69.6,2015
newcastle-under-lyme,0.5975796234078776,0.4024203765921224,18,0.618561441581333,0.11558503774171754,0.4900398406374502,0.5099601593625498,75.3,2015
newton abbot,0.6033555399597762,0.3966444600402237,23,0.5080034041675678,0.10200546284595936,0.8283712784588442,0.1716287215411559,57.099999999999994,2015
normanton - pontefract and castleford,0.3225481010379337,0.6774518989620664,28,0.8639417099977258,0.08834001349387745,0.2757255936675462,0.7242744063324539,75.8,2015
north cornwall,0.5394116904719207,0.46058830952807933,20,0.47136598582383915,0.1114555334324289,0.8928571428571429,0.10714285714285715,50.4,2015
north devon,0.51715204048048,0.4828479595195199,16,0.45401337365903816,0.12492643022679287,0.857429718875502,0.14257028112449796,49.800000000000004,2015
north dorset,0.8655432504777606,0.1344567495222394,22,0.5138924054446289,0.07273180248199332,0.8628048780487806,0.13719512195121952,65.6,2015
north durham,0.20489295684262995,0.79510704315737,23,0.7018161361699272,0.084161292631138293,0.2757255936675462,0.7242744063324539,75.8,2015
north east bedfordshire,0.7067024756792435,0.29329752432075656,31,0.627784709025671,0.08176955947288338,0.7901726427622843,0.2098273572377158,75.3,2015
north east cambridgeshire,0.8006366880342893,0.19936331196571072,29,0.4820188287697402,0.0741893155723628,0.7928057553956834,0.20719424460431654,69.5,2015
north east derbyshire,0.331990230037706,0.6680097699622941,24,0.7294979520491378,0.09612767490799606,0.4747736093143596,0.5252263906856403,77.30000000000001,2015
north east hampshire,0.7601485998549048,0.2398514001450952,29,0.60575481472142,0.07929054080939259,0.8705416116248349,0.12945838837516513,75.7,2015
north east hertfordshire,0.6520402623839001,0.34795973761609983,16,0.551701912417474,0.11908079153830678,0.7456258411843876,0.2543741588156124,74.3,2015
north east somerset,0.6193104067033359,0.380689593296664,26,0.8626382602187448,0.09522544643195321,0.6675603217158177,0.33243967828418236,74.6,2015
north herefordshire,0.8143627245135806,0.1856372754864194,13,0.498493377694818,0.10783751218184295,0.8298507462686567,0.1701492537313433,67,2015
north norfolk,0.5946647038006989,0.40533529619930114,27,0.4641462642056616,0.09448468303348431,0.7518248175182483,0.24817518248175185,41.099999999999994,2015
north shropshire,0.8257436105346673,0.1742563894653327,14,0.43307683077683473,0.10138015450902714,0.7188811188811188,0.2811188811188811,71.5,2015
north somerset,0.6595806761756449,0.3404193238243552,28,0.5324030053074537,0.08954926971691617,0.7890855457227139,0.21091445427728617,67.8,2015
north swindon,0.83706205811839,0.16293794188160993,28,0.6929402722935479,0.0697928488398231,0.6440460947503202,0.35595390524967996,78.1,2015
north thanet,0.7637804504413248,0.23621954955867508,31,0.6223216374443273,0.07628889784466629,0.7324364723467862,0.26756352765321373,66.9,2015
north tyneside,0.35252294396053413,0.6474770560394659,42,0.6958596952191378,0.07371930643647277,0.255659121171771,0.7443408788282291,75.1,2015
north warwickshire,0.5935386228190823,0.40646137718091774,19,0.6132859537528396,0.11268272319848688,0.5402298850574713,0.45977011494252873,78.3,2015
north west cambridgeshire,0.8341874918014298,0.16581250819857013,32,0.658086187117321,0.06574541816817667,0.7457386363636364,0.2542613636363636,70.4,2015
north west durham,0.22511652953630212,0.7748834704636979,26,0.7573684032022314,0.08190967766289733,0.3328591749644381,0.6671408250355619,70.3,2015
north west hampshire,0.7294219422018509,0.2705780577981492,19,0.5255976669569864,0.10191987886165925,0.8137254901960784,0.18627450980392157,71.4,2015
north west leicestershire,0.6201318594238827,0.37986814057611734,26,0.7426354376609217,0.09518571651723004,0.6436931079323797,0.35630689206762023,76.9,2015
north west norfolk,0.7247759503365835,0.27522404966341646,13,0.603794432157479,0.12387207177328793,0.6960000000000001,0.304,75,2015
north wiltshire,0.9118835420946907,0.08811645790530918,18,0.569510667623373,0.06681315063149834,0.8537313432835821,0.14626865671641792,67,2015
northampton north,0.7421124182503682,0.2578875817496318,20,0.4994398467643668,0.09782166859366047,0.5542483660130719,0.44575163398692813,76.5,2015
northampton south,0.5623850041991794,0.4376149958008207,24,0.5282278448153724,0.10126452802171737,0.5667574931880108,0.43324250681198906,73.4,2015
norwich north,0.3303607248692036,0.6696392751307964,27,0.6689254248992933,0.09051754819290833,0.5660621761658031,0.4339378238341969,77.2,2015
norwich south,0.5075316018175652,0.49246839818243476,37,0.57739906652526,0.08219016758680817,0.374203821656051,0.6257961783439491,62.8,2015
nottingham east,0.2932749428751484,0.7067250571248517,19,0.6597411283366027,0.10444458383496631,0.27586206896551724,0.7241379310344828,75.4,2015
nottingham north,0.40499582119451266,0.5950041788054873,17,0.6586365953226567,0.1190586128538216,0.2777777777777778,0.7222222222222223,75.6,2015
nottingham south,0.6249195822199255,0.37508041778007445,23,0.5795670398671982,0.1009509346981728,0.39974779319041615,0.6002522068095839,79.3,2015
nuneaton,0.4744083253021349,0.525591674697865,29,0.7107443724620042,0.09272597117613379,0.5659203980099502,0.4340796019900497,80.4,2015
old bexley and sidcup,0.6458534828591029,0.35414651714089695,30,0.7193504478590727,0.08731681043530877,0.7353760445682451,0.2646239554317549,71.8,2015
oldham east and saddleworth,0.5232828471097134,0.4767171528902865,15,0.5435459232751709,0.12895940162972885,0.39663093415007655,0.6033690658499234,65.3,2015
oldham west and royton,0.33266407334598325,0.6673359266540168,19,0.7304463692464828,0.10809320725793757,0.25745257452574527,0.7425474254742548,73.8,2015
orpington,0.6446897308498772,0.3553102691501228,27,0.6284494464465303,0.09210800459577033,0.7863013698630137,0.21369863013698628,73,2015
oxford east,0.4236973982395882,0.5763026017604117,42,0.7283179917784994,0.07624801526918773,0.284692417739628,0.7153075822603719,69.9,2015
oxford west and abingdon,0.42864174232349234,0.5713582576765076,20,0.4920083112322552,0.11065893526086658,0.7825342465753424,0.2174657534246575,58.400000000000006,2015
pendle,0.42762108970027357,0.5723789102997265,28,0.6581342182233025,0.09349585425182998,0.5749086479902559,0.42509135200974424,82.1,2015
penistone and stocksbridge,0.4875009475882426,0.5124990524117575,23,0.6781761655007752,0.1042246265000677,0.39741750358680056,0.6025824964131994,69.7,2015
penrith and the border,0.6985264690847991,0.3014735309152009,20,0.560880597136677,0.10261267978976144,0.8056680161943319,0.194331983805668,74.10000000000001,2015
peterborough,0.37355242405130246,0.6264475759486976,27,0.6688739067725494,0.09309712382411264,0.5272244355909694,0.4727755644090305,75.30000000000001,2015
plymouth - moor view,0.3910228774915497,0.6089771225084504,22,0.6942417997533299,0.10403757773249271,0.5164835164835164,0.48351648351648346,72.80000000000001,2015
plymouth - sutton and devonport,0.40427407306610974,0.5957259269338903,35,0.5233977929268553,0.08295205963388863,0.5073825503355704,0.49261744966442955,74.5,2015
poole,0.9234909233127226,0.07650907668727741,19,0.4747982644051966,0.06098120412395319,0.7952380952380953,0.20476190476190476,63,2015
poplar and limehouse,0.25399276338641974,0.7460072366135803,37,0.6641745122012267,0.07156181216522972,0.30238095238095236,0.6976190476190476,84,2015
portsmouth north,0.5627241494781406,0.4372758505218594,26,0.7419554921185884,0.09728342436728245,0.6638418079096046,0.3361581920903955,70.8,2015
portsmouth south,0.5775349835477984,0.4224650164522016,29,0.6725688248087791,0.09172453631920896,0.6408839779005525,0.35911602209944754,54.3,2015
preston,0.1736722739462601,0.8263277260537398,22,0.7478541603700635,0.0807662776187605,0.2631578947368421,0.7368421052631579,76,2015
pudsey,0.4100194707963842,0.5899805292036159,32,0.6944812066849612,0.08694529608542612,0.5523809523809524,0.44761904761904764,84,2015
putney,0.58622633035026,0.41377366964974016,38,0.682693786455816,0.07989549423339279,0.6420047732696897,0.35799522673031026,83.8,2015
rayleigh and wickford,0.7502363878961512,0.24976361210384881,25,0.5353797632882039,0.08657522744357925,0.8127786032689451,0.18722139673105498,67.3,2015
reading east,0.48641137874393775,0.5135886212560623,31,0.589046981707035,0.08976948065558184,0.5815423514538559,0.41845764854614415,79.1,2015
reading west,0.5830028604217701,0.41699713957823,26,0.6071226846755278,0.09669749124933669,0.583843329253366,0.41615667074663404,81.7,2015
redcar,0.2396412597405399,0.76035874025946,22,0.5477741169102501,0.09100782343256066,0.2695507487520799,0.7304492512479202,60.099999999999994,2015
redditch,0.6573328722018459,0.3426671277981542,31,0.6522796640661039,0.0852409047886309,0.6023017902813299,0.3976982097186701,78.2,2015
reigate,0.8084656632155606,0.19153433678443937,14,0.651987755734553,0.1051695687303483,0.8160919540229885,0.18390804597701152,69.6,2015
ribble valley,0.4974896104306012,0.5025103895693988,19,0.503464732229196,0.11470642113541532,0.6825842696629213,0.31741573033707865,71.2,2015
richmond (yorks),0.5772945948490049,0.4227054051509951,20,0.4708155690993991,0.11045939199704301,0.7956656346749227,0.2043343653250774,64.6,2015
richmond park,0.6394869189835319,0.360513081016468,38,0.5744741383010066,0.07789051010240383,0.8255319148936171,0.17446808510638298,70.5,2015
rochdale,0.35446496601983646,0.6455350339801635,17,0.5927677574967679,0.11601712700246222,0.2694136291600634,0.7305863708399366,63.1,2015
rochester and strood,0.7199391501608019,0.28006084983919816,36,0.6881099198792304,0.07483811607332193,0.6901408450704225,0.30985915492957744,63.900000000000006,2015
rochford and southend east,0.5104231725412428,0.4895768274587573,31,0.5568736279242923,0.08978313611934602,0.6526019690576653,0.34739803094233473,71.1,2015
romford,0.6845821033870765,0.3154178966129234,33,0.5910948708788342,0.08089076943055212,0.7093184979137691,0.29068150208623084,71.9,2015
romsey and southampton north,0.5261790566398544,0.47382094336014563,16,0.6251021878070457,0.12482854666337527,0.8202416918429002,0.1797583081570997,66.2,2015
rossendale and darwen,0.5641081322465423,0.4358918677534578,24,0.5690380117485875,0.10121967598986949,0.5703794369645043,0.42962056303549573,81.7,2015
rother valley,0.1762821822431036,0.8237178177568965,22,0.46331959904433806,0.08124227920427349,0.3482810164424514,0.6517189835575485,66.9,2015
rotherham,0.4255806278173679,0.5744193721826322,12,0.6907715168090369,0.1427298605302872,0.18981481481481483,0.8101851851851852,64.8,2015
rugby,0.5511799559410535,0.4488200440589466,32,0.6043889180626361,0.08792408161836833,0.6368352788586252,0.3631647211413749,77.1,2015
ruislip - northwood and pinner,0.7143893807279331,0.2856106192720668,34,0.6949030084317124,0.0774667278542467,0.7478042659974906,0.25219573400250944,79.7,2015
runnymede and weybridge,0.7843911935827012,0.21560880641729885,22,0.47269987953659015,0.08767752096399173,0.7938829787234043,0.20611702127659573,75.2,2015
rushcliffe,0.6405678221916796,0.3594321778083203,16,0.46172472608189186,0.11995850516019288,0.6615186615186615,0.3384813384813385,77.7,2015
rutland and melton,0.7559715163768483,0.2440284836231517,21,0.6624582304934273,0.09372670067395718,0.7830985915492958,0.21690140845070424,71,2015
saffron walden,0.7743082765318523,0.2256917234681478,18,0.5692345794357241,0.09853227599402387,0.8289855072463769,0.1710144927536232,69,2015
salford and eccles,0.261007193957848,0.738992806042152,21,0.5680824044007092,0.09583776933669341,0.2922636103151862,0.7077363896848138,69.8,2015
salisbury,0.745504549246738,0.25449545075326185,31,0.7193035011641497,0.07823197850791642,0.7842031029619182,0.2157968970380818,70.9,2015
scarborough and whitby,0.3627761111391252,0.6372238888608749,26,0.5596013283620943,0.09429283444630968,0.5885558583106267,0.41144414168937327,73.4,2015
scunthorpe,0.6053339607024508,0.3946660392975493,18,0.6794650433849176,0.11520627797388631,0.4432576769025367,0.5567423230974633,74.9,2015
sedgefield,0.3574043079425699,0.6425956920574302,25,0.5267884464824143,0.09584705913206988,0.3846153846153846,0.6153846153846154,76.7,2015
sefton central,0.3975699678598119,0.6024300321401882,21,0.7631253197624894,0.10679488317414391,0.354916067146283,0.6450839328537169,83.4,2015
selby and ainsty,0.8512520524985177,0.14874794750148226,28,0.5245019259997215,0.06724740983211032,0.6620428751576293,0.3379571248423708,79.3,2015
sevenoaks,0.5527234041672311,0.44727659583276896,23,0.6280856768826855,0.10367596733238213,0.8151862464183381,0.1848137535816619,69.8,2015
sheffield central,0.1566680626023792,0.8433319373976208,40,0.6262877782230255,0.05747242398811716,0.16792738275340394,0.8320726172465961,66.1,2015
sheffield south east,0.13074373488923563,0.8692562651107645,18,0.5758087006054116,0.07945991675627295,0.25290697674418605,0.747093023255814,68.8,2015
sheffield - brightside and hillsborough,0.09923056166300809,0.9007694383369919,17,0.5874512851776684,0.0725111988490914,0.1627218934911243,0.8372781065088758,67.6,2015
sheffield - hallam,0.4646216436484995,0.5353783563515007,16,0.30776578583943526,0.12468670034878074,0.27530364372469635,0.7246963562753036,49.4,2015
sheffield - heeley,0.17723672306427193,0.8227632769357281,36,0.6842308405694915,0.0636448189088193,0.2515527950310559,0.7484472049689441,64.4,2015
sherwood,0.7386959965054314,0.26130400349456856,28,0.6497376623123947,0.08302844203995036,0.5562422744128553,0.44375772558714455,80.9,2015
shipley,0.7235339239075972,0.27646607609240287,29,0.7529608535519431,0.08305224464206407,0.6172839506172839,0.38271604938271603,81,2015
shrewsbury and atcham,0.5103348861587221,0.489665113841278,24,0.5683727631094639,0.102040267812942,0.6207366984993179,0.37926330150068216,73.3,2015
sittingbourne and sheppey,0.7506861800946258,0.24931381990537407,27,0.5586122417734087,0.08325695146365208,0.7163531114327063,0.2836468885672938,69.1,2015
skipton and ripon,0.6253152293818466,0.3746847706181534,27,0.7050449332890547,0.09315381411745151,0.760989010989011,0.239010989010989,72.8,2015
sleaford and north hykeham,0.49360941148995385,0.5063905885100463,40,0.631477024862436,0.0790504839293371,0.7646258503401361,0.23537414965986395,73.5,2015
slough,0.34297068940349307,0.6570293105965069,11,0.6616528021486322,0.1431279769404055,0.4070904645476772,0.5929095354523227,81.8,2015
solihull,0.49990023155186236,0.5000997684481376,22,0.5262918956886773,0.10660035605566001,0.825503355704698,0.174496644295302,59.6,2015
somerton and frome,0.6348893515728693,0.3651106484271308,20,0.5482930795689116,0.10765799153621873,0.87893864013267,0.12106135986733002,60.3,2015
south basildon and east thurrock,0.6840314288773465,0.31596857112265364,20,0.5351995122765921,0.1039549020453971,0.6326530612244898,0.3673469387755102,68.6,2015
south cambridgeshire,0.7684005452930264,0.2315994547069736,18,0.5711190195177369,0.09943203912623104,0.742732558139535,0.25726744186046513,68.8,2015
south derbyshire,0.3818581767295392,0.6181418232704609,17,0.6041145936055888,0.1178340082724376,0.6482939632545931,0.35170603674540685,76.2,2015
south dorset,0.5129761098837318,0.4870238901162681,39,0.73464732296101,0.08003711007422093,0.6689466484268126,0.33105335157318744,73.1,2015
south east cambridgeshire,0.4680304141439614,0.5319695858560386,25,0.5591415911280717,0.09979537976884369,0.7613814756671899,0.23861852433281003,63.7,2015
south east cornwall,0.5751836889963465,0.42481631100365347,32,0.6524683280643867,0.08738338888715146,0.8444816053511706,0.15551839464882944,59.8,2015
south holland and the deepings,0.7638642224624174,0.23613577753758272,33,0.5501558196238907,0.07393192448263591,0.8277777777777778,0.17222222222222222,72,2015
south leicestershire,0.6592898669486442,0.3407101330513558,26,0.57120017582874,0.0929488565509763,0.7074468085106383,0.2925531914893617,75.2,2015
south norfolk,0.6020331281418292,0.39796687185817076,26,0.6635191463528712,0.09599463942597425,0.7469050894085283,0.2530949105914718,72.69999999999999,2015
south northamptonshire,0.6751316238703304,0.3248683761296697,28,0.6207983990305312,0.08850522872377596,0.7828348504551366,0.21716514954486343,76.9,2015
south ribble,0.5854608043181359,0.4145391956818642,35,0.7548983608377229,0.08327174978437375,0.5693251533742331,0.4306748466257669,81.5,2015
south shields,0.2774214427839469,0.722578557216053,26,0.7349432246535385,0.08780633976314453,0.24447717231222385,0.755522827687776,67.9,2015
south staffordshire,0.5501839275614768,0.44981607243852323,21,0.6903101635021109,0.10855798832542042,0.7634961439588689,0.23650385604113108,77.8,2015
south suffolk,0.6890725710641239,0.31092742893587616,23,0.5562114584343218,0.09651572588042928,0.7334254143646408,0.26657458563535913,72.4,2015
south swindon,0.49046001319804333,0.5095399868019568,26,0.6076856730009468,0.0980402171504944,0.5724907063197027,0.4275092936802974,80.7,2015
south thanet,0.5185824762831649,0.4814175237168351,19,0.5106938343029153,0.11462862037562999,0.6155088852988692,0.38449111470113084,61.900000000000006,2015
south west bedfordshire,0.5267079047241487,0.47329209527585114,27,0.6222336297206819,0.09608766981160444,0.7304116865869854,0.26958831341301465,75.3,2015
south west devon,0.6270871064150018,0.37291289358499824,23,0.5824355329555501,0.10083323886562967,0.7721691678035472,0.22783083219645292,73.3,2015
south west hertfordshire,0.5968359341094965,0.40316406589050346,21,0.49198197527000553,0.10704311589375948,0.7773224043715846,0.2226775956284153,73.2,2015
south west norfolk,0.5890607683862954,0.41093923161370466,17,0.4251406264446741,0.11932855768212665,0.7463343108504399,0.2536656891495601,68.2,2015
south west surrey,0.7443291258224984,0.2556708741775017,24,0.7261065875550197,0.08904663531796456,0.8631123919308357,0.13688760806916425,69.4,2015
south west wiltshire,0.8907974800753965,0.10920251992460346,24,0.5040888905237628,0.0636649202094843,0.7960725075528701,0.2039274924471299,66.2,2015
southampton - itchen,0.5322994910111666,0.46770050898883353,22,0.5429031672303091,0.10637770248258616,0.5325670498084291,0.46743295019157083,78.30000000000001,2015
southampton - test,0.4427091464746996,0.5572908535253004,31,0.7081638170193357,0.08921119525115714,0.44113667117726657,0.5588633288227334,73.9,2015
southend west,0.6448093498477011,0.3551906501522989,27,0.6854694844956822,0.09210104197679088,0.7312775330396476,0.26872246696035246,68.1,2015
southport,0.4292154975509587,0.5707845024490412,29,0.6248836142397509,0.09191254355374286,0.5932203389830508,0.4067796610169491,47.2,2015
spelthorne,0.7486984248464764,0.25130157515352347,23,0.5667060894482081,0.09044553813564836,0.7276720351390922,0.2723279648609077,68.30000000000001,2015
st albans,0.6554109851211956,0.3445890148788045,13,0.3390847748015783,0.13180621722923963,0.6671428571428571,0.33285714285714285,70,2015
st austell and newquay,0.698629379121884,0.30137062087811595,24,0.39009815864326897,0.09366304183740574,0.7976190476190476,0.20238095238095236,50.400000000000006,2015
st helens north,0.35183790188764485,0.6481620981123551,33,0.8170800772205671,0.0831296892380605,0.25684485006518903,0.7431551499348109,76.7,2015
st helens south and whiston,0.14001218746292693,0.859987812537073,23,0.7025910064538586,0.07235443402319047,0.21003963011889035,0.7899603698811096,75.7,2015
st ives,0.7069032004557926,0.29309679954420736,22,0.45441898669894604,0.09704522508068787,0.8046218487394958,0.19537815126050423,47.599999999999994,2015
stafford,0.7009513419963387,0.29904865800366137,29,0.7365441105844948,0.08501897519435872,0.6205128205128205,0.3794871794871795,78,2015
staffordshire moorlands,0.7095279799158901,0.2904720200841099,21,0.8693768685911054,0.09906660232782463,0.6526181353767561,0.34738186462324394,78.3,2015
stalybridge and hyde,0.5247782913999834,0.47522170860001667,22,0.6823931403014027,0.10646938020672626,0.389416553595658,0.6105834464043419,73.7,2015
stevenage,0.5574340475283986,0.44256595247160146,31,0.7785077463414187,0.08920822509895954,0.565438373570521,0.43456162642947904,78.7,2015
stockport,0.356155476319879,0.643844523680121,14,0.6911248819583755,0.12798123551276655,0.3293010752688172,0.6706989247311828,74.4,2015
stockton north,0.4872973931519256,0.5127026068480744,17,0.6694045620095896,0.12122867156966169,0.3631647211413749,0.6368352788586252,77.1,2015
stockton south,0.26428046777184877,0.7357195322281512,25,0.7420491009569585,0.08818986384526094,0.558472553699284,0.441527446300716,83.8,2015
stoke-on-trent central,0.3897627061140866,0.6102372938859134,15,0.6192898632047596,0.12592265854793852,0.3651050080775445,0.6348949919224556,61.9,2015
stoke-on-trent north,0.4762870051977348,0.5237129948022652,27,0.7464849321195939,0.0961167680822361,0.40713224368499257,0.5928677563150074,67.3,2015
stoke-on-trent south,0.7055244360766323,0.2944755639233677,28,0.6388858158273284,0.08613936095806407,0.45479833101529904,0.545201668984701,71.9,2015
stone,0.5389760430118158,0.46102395698818416,21,0.6032001810757672,0.10877693822268558,0.7303070761014686,0.26969292389853133,74.9,2015
stourbridge,0.4958365975005028,0.5041634024994971,29,0.740644014247773,0.09284445020452352,0.5940721649484537,0.40592783505154645,77.6,2015
stratford-on-avon,0.7192936324365381,0.2807063675634619,16,0.4658192097536575,0.11233607578734127,0.8161244695898161,0.18387553041018387,70.7,2015
streatham,0.43107446892309403,0.5689255310769059,42,0.671388437243162,0.07641510558187875,0.32138284250960314,0.678617157490397,78.1,2015
stretford and urmston,0.28105996759987123,0.7189400324001287,28,0.8138259279463332,0.08495067102497748,0.3440594059405941,0.655940594059406,80.8,2015
stroud,0.4280584743779814,0.5719415256220187,25,0.6820250739084348,0.09895946986340952,0.5479616306954437,0.4520383693045564,83.4,2015
suffolk coastal,0.6890867830443551,0.3109132169556448,16,0.3854611033283307,0.1157168387913836,0.742489270386266,0.2575107296137339,69.9,2015
sunderland central,0.41299447942700324,0.5870055205729967,34,0.7726017932487359,0.08444107576393867,0.3179347826086957,0.6820652173913044,73.6,2015
surrey heath,0.8084791169073755,0.19152088309262455,29,0.5929419620435556,0.07307073437289843,0.8424753867791843,0.15752461322081576,71.1,2015
sutton and cheam,0.6820736412934479,0.31792635870655217,33,0.4345234073712618,0.08106286171782474,0.7889733840304183,0.21102661596958175,52.6,2015
sutton coldfield,0.6046899093171143,0.39531009068288564,24,0.6235635570040542,0.09979980437672344,0.7090909090909091,0.2909090909090909,77,2015
tamworth,0.6085762344020904,0.3914237655979095,20,0.614701800326764,0.10913551239698797,0.657030223390276,0.3429697766097241,76.1,2015
tatton,0.6847820696148206,0.31521793038517937,22,0.6725492145870922,0.09905360962374768,0.7610389610389611,0.23896103896103893,77,2015
taunton deane,0.7120127430320667,0.2879872569679331,24,0.5776646828721581,0.0924325422474905,0.8394415357766144,0.16055846422338568,57.3,2015
telford,0.4414969360689632,0.5585030639310368,25,0.7759526599718075,0.0993131192764946,0.5116279069767442,0.48837209302325574,77.4,2015
tewkesbury,0.5794144288230539,0.4205855711769461,27,0.6528560319099665,0.09500357663729339,0.7864357864357865,0.2135642135642136,69.3,2015
the cotswolds,0.740387039637764,0.25961296036223597,20,0.6776317253017314,0.0980341958640433,0.8588770864946889,0.1411229135053111,65.9,2015
the wrekin,0.7713909803700515,0.22860901962994853,26,0.8162569447697807,0.08235638683695261,0.6556728232189973,0.3443271767810026,75.80000000000001,2015
thirsk and malton,0.5865862532300062,0.41341374676999376,29,0.6871201267588193,0.09144488084531262,0.7723935389133628,0.22760646108663732,68.1,2015
thornbury and yate,0.6537918519471433,0.3462081480528567,14,0.4324836325783366,0.12715234571025083,0.8401639344262296,0.1598360655737705,48.8,2015
thurrock,0.6048337968758084,0.39516620312419165,23,0.7681543925947123,0.10193985333062648,0.5082956259426847,0.49170437405731515,66.30000000000001,2015
tiverton and honiton,0.5770647694682043,0.4229352305317957,18,0.5043858287897861,0.11644288569146787,0.8095952023988006,0.19040479760119938,66.7,2015
tonbridge and malling,0.8206516822686337,0.17934831773136634,13,0.45871118474052563,0.10640362148922707,0.8070652173913044,0.19293478260869565,73.6,2015
tooting,0.23866233635747514,0.7613376636425249,27,0.7169357554636054,0.08203491252303328,0.4702581369248036,0.5297418630751964,89.1,2015
torbay,0.5364125773194829,0.4635874226805171,24,0.5092259338557623,0.1017910695601847,0.8238866396761133,0.1761133603238866,49.400000000000006,2015
torridge and west devon,0.6946384182959248,0.30536158170407524,35,0.6186812623173251,0.07784891707169739,0.8276422764227642,0.17235772357723578,61.5,2015
totnes,0.5195138750488577,0.48048612495114235,24,0.7061871023829962,0.10198431429239858,0.806697108066971,0.1933028919330289,65.7,2015
tottenham,0.41209078684493894,0.5879092131550612,24,0.6826724446579899,0.1004722122119797,0.15132408575031525,0.8486759142496847,79.3,2015
truro and falmouth,0.6934577865757492,0.30654221342425086,18,0.4117245403930342,0.10867231192218085,0.7432432432432432,0.25675675675675674,59.2,2015
tunbridge wells,0.8502310410122144,0.14976895898778567,24,0.598090214531697,0.07284064167513805,0.8052126200274348,0.19478737997256512,72.9,2015
twickenham,0.7238180630961314,0.2761819369038685,35,0.4846784185821562,0.07557502887516979,0.7821969696969697,0.2178030303030303,52.8,2015
tynemouth,0.15563749902031282,0.8443625009796872,37,0.6624727933252843,0.059596496341560154,0.4049382716049382,0.5950617283950618,81,2015
uxbridge and south ruislip,0.6488311125522181,0.3511688874477819,35,0.665087004484811,0.08068444706500025,0.6553524804177546,0.34464751958224543,76.6,2015
vauxhall,0.3500184508467422,0.6499815491532578,37,0.9159329471146295,0.07841427319632445,0.3366214549938348,0.6633785450061652,81.1,2015
wakefield,0.310198737827823,0.689801262172177,41,0.7395826432335205,0.07224205262693194,0.4590604026845638,0.5409395973154362,74.5,2015
wallasey,0.20624161799479296,0.7937583820052071,41,0.7521840742542991,0.0631888406714896,0.2731648616125151,0.726835138387485,83.1,2015
walsall north,0.676930118653345,0.3230698813466552,15,0.531415916111964,0.12074649287199836,0.46428571428571425,0.5357142857142857,72.8,2015
walsall south,0.3060306248191831,0.6939693751808168,25,0.8273467791160025,0.09216851555535946,0.41,0.5900000000000001,80,2015
walthamstow,0.3581313408901331,0.641868659109867,30,0.5342466089549845,0.08753538019231012,0.16281895504252733,0.8371810449574726,82.30000000000001,2015
wansbeck,0.3627837995134393,0.6372162004865608,27,0.7666265672046806,0.09253061842079366,0.30362116991643456,0.6963788300835655,71.8,2015
wantage,0.8407274070221673,0.1592725929778327,30,0.5992672201927116,0.06680938908665217,0.7691197691197691,0.23088023088023088,69.3,2015
warley,0.22384186366127046,0.7761581363387294,17,0.4384597169375285,0.10109305082707064,0.24903225806451615,0.7509677419354839,77.5,2015
warrington north,0.46198460968066646,0.5380153903193335,18,0.5921408694308541,0.11751000668947038,0.37105263157894736,0.6289473684210526,76,2015
warrington south,0.5423370222332647,0.4576629777667352,28,0.6389992308736797,0.0941517727145948,0.5277777777777778,0.47222222222222215,82.80000000000001,2015
warwick and leamington,0.6273792003391205,0.3726207996608794,35,0.7181496011177377,0.08172681660279939,0.5785024154589372,0.4214975845410628,82.8,2015
washington and sunderland west,0.2031977141935588,0.7968022858064412,25,0.7287199352317381,0.0804756865494347,0.25575101488497964,0.7442489851150202,73.9,2015
watford,0.6223772754905247,0.37762272450947537,25,0.5798208276541796,0.09695850709319244,0.6258992805755396,0.37410071942446044,69.5,2015
waveney,0.5259897028402616,0.47401029715973836,31,0.5964742541060746,0.08968125192398928,0.5293383270911362,0.470661672908864,80.1,2015
wealden,0.8279477894596614,0.17205221054033853,29,0.6605689675033078,0.07008621473696462,0.84070796460177,0.15929203539823011,67.8,2015
weaver vale,0.5979045426035758,0.4020954573964241,34,0.6940442716115345,0.08408936082553253,0.5106382978723405,0.4893617021276596,84.6,2015
wellingborough,0.46639747229094586,0.533602527709054,32,0.7362417280101929,0.08818851791254528,0.7276536312849162,0.27234636871508383,71.6,2015
wells,0.6392653279601802,0.36073467203981985,22,0.7093358426566988,0.10238189835302994,0.8747628083491461,0.12523719165085387,52.7,2015
welwyn hatfield,0.49992395067804146,0.5000760493219585,28,0.6011624780046074,0.09449111715932815,0.6579634464751959,0.3420365535248042,76.6,2015
wentworth and dearne,0.09187633328457931,0.9081236667154207,22,0.5852346193849575,0.061583303768428625,0.2075208913649025,0.7924791086350975,71.8,2015
west bromwich east,0.3272883801970603,0.6727116198029397,16,0.7681065597237093,0.11730587591448818,0.33155792276964047,0.6684420772303596,75.1,2015
west bromwich west,0.541908017937802,0.4580919820621979,14,0.7045969175203788,0.1331604075736491,0.3356741573033708,0.6643258426966293,71.19999999999999,2015
west dorset,0.7957924693607107,0.20420753063928937,27,0.6321091344432037,0.07758073812809299,0.8338870431893688,0.16611295681063123,60.2,2015
west ham,0.36691460492860095,0.6330853950713992,27,0.5600274746054852,0.0927538114657988,0.1837708830548926,0.8162291169451074,83.80000000000001,2015
west lancashire,0.2342957164080816,0.7657042835919184,36,0.8551408173568971,0.07059297133743113,0.3965728274173807,0.6034271725826194,81.69999999999999,2015
west suffolk,0.8462567338510656,0.15374326614893435,19,0.5083448254918792,0.08275082262678797,0.7489239598278336,0.2510760401721664,69.7,2015
west worcestershire,0.75958313347656,0.24041686652344002,25,0.5783114385762669,0.08546732634509878,0.8071942446043165,0.19280575539568345,69.5,2015
westminster north,0.30959003474406976,0.6904099652559302,19,0.6587469397350114,0.10606453971924121,0.4717832957110609,0.5282167042889391,88.6,2015
westmorland and lonsdale,0.8013591656191282,0.19864083438087174,9,0.2505360478778254,0.1329923361607072,0.8601036269430052,0.13989637305699482,38.6,2015
weston-super-mare,0.5316406970686027,0.46835930293139727,34,0.6370734568626326,0.08557742732358756,0.7239819004524887,0.27601809954751133,66.3,2015
wigan,0.2844916207557815,0.7155083792442186,27,0.6242172090415503,0.08682808439574403,0.2839506172839506,0.7160493827160493,72.9,2015
wimbledon,0.6316257234251489,0.3683742765748511,28,0.6828221268757749,0.09115815709382831,0.6670934699103714,0.3329065300896287,78.1,2015
winchester,0.7910403652359068,0.20895963476409313,21,0.4616108426148041,0.08871986565625696,0.8688783570300158,0.13112164296998421,63.3,2015
windsor,0.8056169055356661,0.19438309446433394,19,0.6652388778932341,0.09078555039525078,0.8255208333333334,0.17447916666666669,76.8,2015
wirral south,0.1946309398040391,0.805369060195961,19,0.748178049336574,0.09082943444635103,0.43559718969555034,0.5644028103044496,85.4,2015
wirral west,0.5097050185661405,0.4902949814338596,23,0.6965244955924279,0.10423756575093071,0.49440715883668906,0.5055928411633109,89.4,2015
witham,0.777695527884298,0.22230447211570195,32,0.6997040625759101,0.07350280474943224,0.7844474761255116,0.21555252387448842,73.3,2015
witney,0.5912649616839355,0.4087350383160645,19,0.4898532038949671,0.1127808090171816,0.7777777777777778,0.2222222222222222,77.4,2015
woking,0.7270802435787804,0.2729197564212195,17,0.43392431675938287,0.10803990629180163,0.7773167358229598,0.2226832641770401,72.30000000000001,2015
wokingham,0.6344708241095192,0.3655291758904808,29,0.5307521297094225,0.08942683340707908,0.7991689750692521,0.20083102493074792,72.2,2015
wolverhampton north east,0.46099220431413507,0.5390077956858648,14,0.5673581152163769,0.13322333340129322,0.39342105263157895,0.6065789473684211,76,2015
wolverhampton south east,0.4600066662103898,0.5399933337896102,21,0.8693411393724184,0.10875935280031099,0.294973544973545,0.705026455026455,75.6,2015
wolverhampton south west,0.5122735154224272,0.4877264845775728,23,0.6717936799656454,0.1042257918549446,0.4881516587677725,0.5118483412322274,84.4,2015
worcester,0.476180671766788,0.523819328233212,33,0.6201378090871147,0.08694000711088051,0.5712484237074401,0.4287515762925599,79.3,2015
workington,0.32459165416943425,0.6754083458305657,19,0.627526803926399,0.10741751112095385,0.416551724137931,0.5834482758620689,72.5,2015
worsley and eccles south,0.3823141507977976,0.6176858492022024,24,0.7248223507158587,0.09919468250565747,0.405114401076716,0.594885598923284,74.30000000000001,2015
worthing west,0.898028416137124,0.10197158386287598,32,0.5733577041466867,0.05349456162410707,0.7663690476190476,0.23363095238095236,67.2,2015
wycombe,0.6127926776639079,0.38720732233609206,24,0.6650549296096968,0.09943126014685677,0.6955345060893098,0.3044654939106901,73.9,2015
wyre and preston north,0.8551816660765356,0.14481833392346452,30,0.7546386459222838,0.06425106590117044,0.6820512820512821,0.317948717948718,78,2015
wyre forest,0.6191171729431256,0.38088282705687426,21,0.6866953787686876,0.10596744763190644,0.7012383900928792,0.2987616099071208,64.6,2015
wythenshawe and sale east,0.19256788768889713,0.8074321123111029,25,0.5875694192409282,0.07886329851583268,0.3390501319261214,0.6609498680738787,75.8,2015
yeovil,0.6763279949908598,0.3236720050091402,17,0.3596217500361217,0.11347672427379969,0.8568548387096774,0.14314516129032256,49.6,2015
york central,0.36671834355370164,0.6332816564462984,37,0.5288074222698161,0.07922530309271948,0.4002828854314003,0.5997171145685997,70.7,2015
york outer,0.4843703522157886,0.5156296477842115,31,0.5780394698545754,0.08975876524906536,0.6644113667117726,0.3355886332882273,73.9,2015
ynys mon,0.566803922278233,0.43319607772176705,22,0.5243410196876903,0.10564460920038463,0.40535372848948376,0.5946462715105163,52.3,2015
delyn,0.3615372130041785,0.6384627869958215,43,0.6925165302363157,0.07326728014563094,0.4461118690313779,0.553888130968622,73.30000000000001,2015
alyn and deeside,0.3327434031136202,0.6672565968863798,41,0.6232769844659345,0.07358837905306938,0.4436717663421418,0.5563282336578581,71.9,2015
wrexham,0.5010993036140394,0.4989006963859606,28,0.6340275150930501,0.09449088987296306,0.4593023255813953,0.5406976744186046,68.80000000000001,2015
llanelli,0.5498045920368658,0.45019540796313423,24,0.4323514482777397,0.1015544809884579,0.25852782764811494,0.7414721723518851,55.699999999999996,2015
gower,0.46290225536039886,0.5370977446396011,34,0.4720434256023314,0.08551294317969975,0.5006747638326586,0.4993252361673415,74.1,2015
swansea west,0.2714761073096924,0.7285238926903077,48,0.38473951288636377,0.06418995742937338,0.34662576687116564,0.6533742331288344,65.2,2015
swansea east,0.4568918676816503,0.5431081323183498,33,0.577706560397507,0.08671473415187883,0.2240117130307467,0.7759882869692534,68.3,2015
aberavon,0.20845217270415434,0.7915478272958457,24,0.5381564031955273,0.08291558568786282,0.19572368421052633,0.8042763157894737,60.8,2015
cardiff central,0.3241326561239106,0.6758673438760894,41,0.36865458179690014,0.0730971083739528,0.26873857404021934,0.7312614259597806,54.7,2015
cardiff north,0.4032385849862543,0.5967614150137458,74,0.6078604343999388,0.057025033450768974,0.5254027261462206,0.4745972738537795,80.69999999999999,2015
rhondda,0.285568535594421,0.7144314644055789,23,0.45809166412534447,0.09418278876111506,0.11672473867595817,0.8832752613240418,57.400000000000006,2015
torfaen,0.11523636431351891,0.8847636356864811,26,0.3696713623651091,0.0626212499731892,0.3407079646017699,0.65929203539823,67.80000000000001,2015
monmouth,0.5492066588727295,0.4507933411272706,47,0.6803718194944262,0.07257845420904266,0.650586701434159,0.3494132985658409,76.7,2015
newport east,0.4022510521599131,0.5977489478400869,40,0.5598004747843099,0.0775314683203143,0.40147058823529413,0.598529411764706,68,2015
newport west,0.4565810687099779,0.5434189312900221,40,0.6921908648755888,0.07875830057930916,0.44097693351424694,0.5590230664857531,73.7,2015
arfon,0.6482060323666071,0.3517939676333928,14,0.3613094783631944,0.1276252807385042,0.30184331797235026,0.6981566820276498,43.4,2015
aberconwy,0.4423351586258064,0.5576648413741935,39,0.49720218739323063,0.07952983089241825,0.5954088952654232,0.4045911047345767,69.7,2015
clwyd west,0.6211207348936817,0.37887926510631825,51,0.5794936894689567,0.0679287065106649,0.6284470246734397,0.37155297532656023,68.9,2015
vale of clwyd,0.3442343515970811,0.6557656484029188,33,0.5008687985559731,0.08270741837264188,0.5038759689922481,0.4961240310077519,77.4,2015
dwyfor meirionnydd,0.6762978608136377,0.3237021391863623,15,0.3531876885912293,0.12080813004444561,0.6270718232044198,0.3729281767955801,36.2,2015
clwyd south,0.5643061155607304,0.43569388443926954,34,0.45648668269341663,0.08503714128016444,0.44970414201183434,0.5502958579881657,67.6,2015
montgomeryshire,0.4119583972954429,0.5880416027045571,32,0.39697728508473895,0.0870073050441048,0.8893280632411067,0.11067193675889327,50.6,2015
ceredigion,0.45895429727626763,0.5410457027237323,39,0.44487539677845755,0.079793844998785,0.5314009661835749,0.4685990338164251,20.7,2015
preseli pembrokeshire,0.35664156706189404,0.6433584329381061,55,0.5969370576750792,0.06458938270553741,0.5897810218978102,0.4102189781021898,68.5,2015
carmarthen west and south pembrokeshire,0.6085368342876151,0.391463165712385,42,0.6052260131283146,0.07531201061533514,0.6035911602209945,0.3964088397790055,72.4,2015
carmarthen east and dinefwr,0.6107653203191076,0.38923467968089254,22,0.2715567969092173,0.10395170290585683,0.4669603524229075,0.5330396475770925,45.4,2015
brecon and radnorshire,0.5760162946786904,0.4239837053213096,38,0.5291480773279766,0.08016783758290486,0.7365591397849462,0.26344086021505375,55.8,2015
neath,0.3655794507420455,0.6344205492579545,33,0.4729288150929605,0.08383445374343593,0.2588832487309645,0.7411167512690355,59.099999999999994,2015
cynon valley,0.090874709806580245,0.9091252901934198,24,0.6104131137860251,0.05867157777413399,0.2023411371237458,0.7976588628762542,59.800000000000004,2015
merthyr tydfil and rhymney,0.21472023036691404,0.785279769633086,26,0.6109723474175,0.0805307998981406,0.1578125,0.8421875,64,2015
blaenau gwent,0.2995403700401557,0.7004596299598442,22,0.5954910899248455,0.09765801572006316,0.15697674418604654,0.8430232558139535,68.8,2015
bridgend,0.22479019509291465,0.7752098049070855,43,0.5079816990911217,0.06365962600680021,0.4646464646464646,0.5353535353535352,69.30000000000001,2015
ogmore,0.21365254390624544,0.7863474560937546,43,0.6867815855104132,0.0625067688220477,0.23110465116279072,0.7688953488372093,68.8,2015
pontypridd,0.17127092107924574,0.8287290789207543,47,0.658412097694332,0.05495398320063032,0.29623287671232873,0.7037671232876712,58.400000000000006,2015
caerphilly,0.2549077550050813,0.7450922449949188,39,0.577697150435173,0.06978534697480274,0.2721311475409836,0.7278688524590163,61,2015
islwyn,0.2577426152517779,0.742257384748222,32,0.48761075344950067,0.07732063104674745,0.23676012461059187,0.7632398753894081,64.2,2015
vale of glamorgan,0.5444342469093992,0.45556575309060077,54,0.5884374494932916,0.06777216703119064,0.5852417302798982,0.4147582697201018,78.6,2015
cardiff west,0.2846898630778054,0.7153101369221946,64,0.5138764429085042,0.05640832509182291,0.3823975720789074,0.6176024279210925,65.9,2015
cardiff south and penarth,0.3778681026361934,0.6221318973638066,59,0.47073497531753494,0.06312266772282397,0.38505747126436785,0.6149425287356322,69.6,2015
aberdeen north,0.26243123972187565,0.7375687602781245,29,0.3384105555121597,0.08169773646041666,0.31842105263157894,0.6815789473684211,38,2015
aberdeen south,0.37167124032814886,0.6283287596718511,40,0.4032882968033199,0.07640872486848022,0.4596774193548387,0.5403225806451613,49.6,2015
airdrie and shotts,0.16210123846082064,0.8378987615391794,12,0.21593681031347273,0.10638938972405754,0.18421052631578946,0.8157894736842105,41.800000000000004,2015
angus,0.5503270427032089,0.4496729572967912,31,0.392331698914301,0.08934658662230154,0.7671957671957672,0.23280423280423285,37.8,2015
argyll and bute,0.5136139509421306,0.4863860490578695,50,0.45398110914231216,0.07068446227280013,0.5889328063241107,0.41106719367588934,25.3,2015
ayr - carrick and cumnock,0.42386456583156246,0.5761354341684375,30,0.3303765798992787,0.09022257582667129,0.42038216560509556,0.5796178343949044,47.1,2015
banff and buchan,0.6022757593346801,0.3977242406653199,16,0.2702860231140045,0.12235697493719826,0.8323699421965318,0.1676300578034682,34.6,2015
berwickshire - roxburgh and selkirk,0.6171718248828516,0.38282817511714834,40,0.3397154211929554,0.07685550784648136,0.880195599022005,0.11980440097799512,40.9,2015
caithness - sutherland and easter ross,0.5079733120666255,0.4920266879333744,25,0.30432450760200863,0.09998728445051165,0.430379746835443,0.5696202531645569,15.8,2015
central ayrshire,0.35920731573711356,0.6407926842628865,25,0.3517742596465166,0.09595361797411313,0.39588100686498856,0.6041189931350114,43.7,2015
coatbridge - chryston and bellshill,0.09753149688975549,0.9024685031102446,16,0.2099567062593103,0.07417003438223851,0.15671641791044777,0.8432835820895523,40.199999999999996,2015
cumbernauld - kilsyth and kirkintilloch east,0.13535215558202907,0.8646478444179708,25,0.3107712810077923,0.06841986540803109,0.20844327176781005,0.79155672823219,37.9,2015
dumfries and galloway,0.37165787206005135,0.6283421279399487,44,0.4394754343517828,0.0728523254442359,0.5476190476190477,0.45238095238095244,54.599999999999994,2015
dumfriesshire - clydesdale and tweeddale,0.6304853879477595,0.3695146120522404,42,0.47892836020472396,0.07447811495941396,0.728937728937729,0.2710622710622711,54.599999999999994,2015
dundee east,0.4895042984296028,0.5104957015703973,34,0.3739533452450236,0.08573039824811698,0.42979942693409745,0.5702005730659025,34.9,2015
dundee west,0.4466782578578577,0.5533217421421422,31,0.30035579160198145,0.08929053553409445,0.26625386996904027,0.7337461300309598,32.3,2015
dunfermline and west fife,0.3312561263185243,0.6687438736814757,54,0.4665816557095534,0.06404938850937902,0.2723112128146453,0.7276887871853547,43.7,2015
east dunbartonshire,0.32939036993845217,0.6706096300615478,28,0.30802555964530054,0.0888201139805019,0.4114832535885168,0.5885167464114833,20.9,2015
east kilbride - strathaven and lesmahagow,0.20057266767971307,0.799427332320287,47,0.5791055464563666,0.058408552393947585,0.2942643391521197,0.7057356608478803,40.1,2015
east lothian,0.49142078500512315,0.5085792149948769,51,0.5149796549460192,0.07000369697101182,0.38613861386138615,0.6138613861386139,50.5,2015
east renfrewshire,0.3997518999096748,0.6002481000903253,41,0.5322778894595701,0.07650128620444013,0.39285714285714285,0.6071428571428571,56,2015
edinburgh east,0.2630586510861328,0.7369413489138671,46,0.34723367710075626,0.06491780709262072,0.24874371859296485,0.7512562814070352,39.8,2015
edinburgh north and leith,0.40465679961222245,0.5953432003877775,48,0.29930099568755875,0.07084455903299491,0.34105263157894733,0.6589473684210526,47.5,2015
edinburgh south,0.1715058995089954,0.8284941004910046,48,0.3364940235889157,0.054408107917272956,0.30918727915194344,0.6908127208480566,56.6,2015
edinburgh south west,0.5455422367211614,0.45445776327883863,47,0.46203804713591207,0.0726293277429456,0.42616033755274263,0.5738396624472574,47.4,2015
edinburgh west,0.5379040307430378,0.46209596925696206,47,0.38869106955502797,0.07272262729223802,0.5125000000000001,0.4875,24,2015
falkirk,0.5306725533866912,0.4693274466133087,43,0.4027957063471509,0.07610567843446842,0.32526881720430106,0.6747311827956989,37.2,2015
glasgow central,0.2580881505862734,0.7419118494137267,28,0.3032798987562372,0.0826953654585894,0.1534526854219949,0.8465473145780051,39.1,2015
glasgow east,0.11135649722715846,0.8886435027728414,14,0.3138787709349574,0.08407319419599989,0.15625,0.84375,38.4,2015
glasgow north,0.3618715823014992,0.6381284176985009,26,0.2607385565506253,0.09424202480522575,0.22067039106145253,0.7793296089385475,35.8,2015
glasgow north east,0.29077339481632397,0.709226605183676,9,0.2290862591327935,0.15137305928045383,0.12239583333333331,0.8776041666666666,38.400000000000006,2015
glasgow north west,0.2745613047020388,0.7254386952979612,25,0.3396068133120339,0.08925858942697965,0.2137404580152672,0.7862595419847328,39.3,2015
glasgow south,0.16855166839575147,0.8314483316042486,35,0.43050074612402417,0.06327762038978035,0.24619289340101522,0.7538071065989848,39.4,2015
glasgow south west,0.26369081017888474,0.7363091898211153,13,0.20022448836779871,0.12220977135995686,0.1322751322751323,0.8677248677248677,37.8,2015
glenrothes,0.16832201770675456,0.8316779822932454,32,0.4335673579502009,0.06614135337996796,0.20104438642297648,0.7989556135770235,38.300000000000004,2015
gordon,0.4565181722801723,0.5434818277198277,19,0.22044092392416614,0.11427329444849658,0.6647727272727272,0.3352272727272727,17.6,2015
inverclyde,0.22003815011716074,0.7799618498828393,23,0.34722832678684584,0.08638170161762032,0.24813895781637718,0.7518610421836229,40.3,2015
inverness - nairn - badenoch and strathspey,0.29134082568354924,0.7086591743164508,29,0.34887691962232303,0.08437628138972367,0.44029850746268656,0.5597014925373134,13.4,2015
kilmarnock and loudoun,0.21724893078909197,0.7827510692109081,31,0.3650517123090623,0.07406445163158046,0.2913752913752914,0.7086247086247086,42.9,2015
kirkcaldy and cowdenbeath,0.2849844323571511,0.7150155676428489,38,0.34913245416661004,0.07322788972415667,0.2286374133949192,0.7713625866050808,43.3,2015
lanark and hamilton east,0.5011265237749544,0.4988734762250455,35,0.3482749639990217,0.08451521096299504,0.3426724137931035,0.6573275862068966,46.4,2015
linlithgow and east falkirk,0.3360553302988167,0.6639446697011833,36,0.4321440111399931,0.07872634482048312,0.27906976744186046,0.7209302325581395,43,2015
livingston,0.41120732347010436,0.5887926765298956,38,0.27813973980017237,0.07982148843293313,0.2717678100263852,0.7282321899736147,37.900000000000006,2015
midlothian,0.34583360817528114,0.6541663918247188,38,0.49261088346142473,0.07715887976863871,0.2826603325415677,0.7173396674584323,42.1,2015
moray,0.47140984213394854,0.5285901578660516,33,0.36317858196876696,0.08689642090359287,0.7585365853658537,0.24146341463414636,41,2015
motherwell and wishaw,0.3151889674028871,0.6848110325971128,17,0.2696968706652761,0.1126798907447916,0.19444444444444445,0.8055555555555555,39.6,2015
na h-eileanan an iar,0.5808578588840427,0.4191421411159572,4,0.14728895196974975,0.24670934652779586,0.20994475138121543,0.7900552486187845,36.2,2015
north ayrshire and arran,0.4488042555189196,0.5511957444810804,44,0.33318153357879376,0.07498166378083074,0.3457943925233645,0.6542056074766356,42.8,2015
north east fife,0.6521230102001871,0.3478769897998128,26,0.343639557989219,0.09340947690506687,0.6791666666666667,0.32083333333333336,24,2015
ochil and south perthshire,0.34906118885388054,0.6509388111461194,48,0.40711610593149117,0.06880187062769988,0.42158859470468435,0.5784114052953158,49.099999999999994,2015
orkney and shetland,0.2857366926614666,0.7142633073385334,14,0.3453345405169269,0.1207391625211594,0.5527950310559006,0.44720496894409933,16.1,2015
paisley and renfrewshire north,0.180853721879854,0.8191462781201461,37,0.4768876136403336,0.0632766668839907,0.27272727272727276,0.7272727272727273,45.099999999999994,2015
paisley and renfrewshire south,0.2047961060046698,0.7952038939953302,32,0.27147716159465396,0.07133868624604961,0.16450216450216448,0.8354978354978355,46.2,2015
perth and north perthshire,0.6096588528242246,0.3903411471757754,52,0.4826637090286865,0.06764939820035855,0.8014705882352942,0.19852941176470584,40.800000000000004,2015
ross - skye and lochaber,0.8370793590626505,0.1629206409373495,20,0.20122799648065776,0.08257648142598252,0.5585585585585585,0.44144144144144143,11.100000000000001,2015
rutherglen and hamilton west,0.30082694705966634,0.6991730529403336,31,0.3773930168507346,0.0823701509870334,0.1775700934579439,0.822429906542056,42.800000000000004,2015
stirling,0.20105838800007095,0.7989416119999292,32,0.5101894227420607,0.07085061587040102,0.47530864197530864,0.5246913580246914,48.6,2015
west aberdeenshire and kincardine,0.5912260093576547,0.4087739906423453,27,0.3115803867273926,0.09460988422575235,0.8648648648648649,0.13513513513513514,33.3,2015
west dunbartonshire,0.1660553088800765,0.8339446911199235,26,0.3557870742375975,0.07298075174919515,0.18276762402088775,0.8172323759791124,38.3,2015
south antrim,NA,NA,0,0,NA,NA,NA,NA,2015
NA,0.5233716917943069,0.47662830820569324,3,0.5822794949610475,0.28835959265164735,NA,NA,NA,2015
